/*
 Navicat Premium Data Transfer

 Source Server         : raiwapMySQL
 Source Server Type    : MySQL
 Source Server Version : 80033
 Source Host           : containers-us-west-1.railway.app:6174
 Source Schema         : railway

 Target Server Type    : MySQL
 Target Server Version : 80033
 File Encoding         : 65001

 Date: 21/06/2023 09:38:32
*/

SET NAMES utf8mb4;
SET FOREIGN_KEY_CHECKS = 0;

-- ----------------------------
-- Table structure for cart
-- ----------------------------
DROP TABLE IF EXISTS `cart`;
CREATE TABLE `cart`  (
  `id` int NOT NULL AUTO_INCREMENT,
  `idUser` int NOT NULL,
  `idProduct` int NOT NULL,
  `quantity` int NOT NULL,
  `createAt` timestamp NOT NULL DEFAULT CURRENT_TIMESTAMP,
  `status` int NOT NULL,
  PRIMARY KEY (`id`) USING BTREE,
  INDEX `FK_cartProduct`(`idProduct` ASC) USING BTREE,
  INDEX `FK_cartUser`(`idUser` ASC) USING BTREE,
  CONSTRAINT `FK_cartProduct` FOREIGN KEY (`idProduct`) REFERENCES `product` (`id`) ON DELETE RESTRICT ON UPDATE RESTRICT,
  CONSTRAINT `FK_cartUser` FOREIGN KEY (`idUser`) REFERENCES `user` (`id`) ON DELETE RESTRICT ON UPDATE RESTRICT
) ENGINE = InnoDB AUTO_INCREMENT = 85 CHARACTER SET = utf8mb4 COLLATE = utf8mb4_general_ci ROW_FORMAT = DYNAMIC;

-- ----------------------------
-- Records of cart
-- ----------------------------
INSERT INTO `cart` VALUES (65, 3, 57, 1, '2023-04-28 14:40:44', 3);
INSERT INTO `cart` VALUES (66, 3, 58, 2, '2023-04-28 14:40:49', 0);
INSERT INTO `cart` VALUES (67, 3, 60, 1, '2023-04-28 14:41:21', 3);

-- ----------------------------
-- Table structure for comment
-- ----------------------------
DROP TABLE IF EXISTS `comment`;
CREATE TABLE `comment`  (
  `id` int NOT NULL AUTO_INCREMENT,
  `idProduct` int NOT NULL,
  `idUser` int NOT NULL,
  `star` int NOT NULL,
  `createAt` timestamp NOT NULL DEFAULT CURRENT_TIMESTAMP,
  `status` int NOT NULL,
  PRIMARY KEY (`id`) USING BTREE,
  INDEX `FK_commnentProduct`(`idProduct` ASC) USING BTREE,
  INDEX `comment_user`(`idUser` ASC) USING BTREE,
  CONSTRAINT `comment_user` FOREIGN KEY (`idUser`) REFERENCES `user` (`id`) ON DELETE RESTRICT ON UPDATE RESTRICT,
  CONSTRAINT `FK_commnentProduct` FOREIGN KEY (`idProduct`) REFERENCES `product` (`id`) ON DELETE RESTRICT ON UPDATE RESTRICT
) ENGINE = InnoDB AUTO_INCREMENT = 8 CHARACTER SET = utf8mb4 COLLATE = utf8mb4_general_ci ROW_FORMAT = DYNAMIC;

-- ----------------------------
-- Records of comment
-- ----------------------------
INSERT INTO `comment` VALUES (6, 57, 1, 4, '2023-05-07 20:11:22', 1);
INSERT INTO `comment` VALUES (7, 76, 1, 4, '2023-05-23 20:52:53', 1);

-- ----------------------------
-- Table structure for contentcomment
-- ----------------------------
DROP TABLE IF EXISTS `contentcomment`;
CREATE TABLE `contentcomment`  (
  `id` int NOT NULL AUTO_INCREMENT,
  `idComment` int NOT NULL,
  `content` varchar(255) CHARACTER SET utf8mb4 COLLATE utf8mb4_general_ci NOT NULL,
  `type` int NOT NULL,
  PRIMARY KEY (`id`) USING BTREE,
  INDEX `FK_commentContentComment`(`idComment` ASC) USING BTREE,
  CONSTRAINT `FK_commentContentComment` FOREIGN KEY (`idComment`) REFERENCES `comment` (`id`) ON DELETE RESTRICT ON UPDATE RESTRICT
) ENGINE = InnoDB AUTO_INCREMENT = 5 CHARACTER SET = utf8mb4 COLLATE = utf8mb4_general_ci ROW_FORMAT = DYNAMIC;

-- ----------------------------
-- Records of contentcomment
-- ----------------------------
INSERT INTO `contentcomment` VALUES (1, 6, 'sdasdas', 0);
INSERT INTO `contentcomment` VALUES (2, 6, 'Img/Comment/imageeyJhbGciOiJIUzI1NiJ9.eyJzdWIiOiIxIiwiZXhwIjoxNjgzNDg2OTgyfQ.xS2DViQp9Wo3j0-wzkOHYu5xyJPNHUfKQzbSgOUrRkw0_da3.png', 1);
INSERT INTO `contentcomment` VALUES (3, 6, 'Img/Comment/imageeyJhbGciOiJIUzI1NiJ9.eyJzdWIiOiIxIiwiZXhwIjoxNjgzNDg2OTgyfQ.xS2DViQp9Wo3j0-wzkOHYu5xyJPNHUfKQzbSgOUrRkw1_da2.png', 1);
INSERT INTO `contentcomment` VALUES (4, 7, 'Hay', 0);

-- ----------------------------
-- Table structure for imgproduct
-- ----------------------------
DROP TABLE IF EXISTS `imgproduct`;
CREATE TABLE `imgproduct`  (
  `id` int NOT NULL AUTO_INCREMENT,
  `idProduct` int NOT NULL,
  `srcImg` varchar(255) CHARACTER SET utf8mb4 COLLATE utf8mb4_general_ci NOT NULL,
  `status` int NOT NULL,
  PRIMARY KEY (`id`) USING BTREE,
  INDEX `FK_productImgProduct`(`idProduct` ASC) USING BTREE,
  CONSTRAINT `FK_imgproductProduct` FOREIGN KEY (`idProduct`) REFERENCES `product` (`id`) ON DELETE RESTRICT ON UPDATE RESTRICT
) ENGINE = InnoDB AUTO_INCREMENT = 292 CHARACTER SET = utf8mb4 COLLATE = utf8mb4_general_ci ROW_FORMAT = DYNAMIC;

-- ----------------------------
-- Records of imgproduct
-- ----------------------------
INSERT INTO `imgproduct` VALUES (54, 57, '/Img/Product/posteyJhbGciOiJIUzI1NiJ9.eyJzdWIiOiIyMSIsImV4cCI6MTY4MTg2NTMzMn0.rZDRYig6kqEsMiDAY6uM0BT7gVCBNSvascjRJ1uhjfM_0.jpeg', 1);
INSERT INTO `imgproduct` VALUES (55, 57, '/Img/Product/posteyJhbGciOiJIUzI1NiJ9.eyJzdWIiOiIyMSIsImV4cCI6MTY4MTg2NTMzMn0.rZDRYig6kqEsMiDAY6uM0BT7gVCBNSvascjRJ1uhjfM_1.jpeg', 1);
INSERT INTO `imgproduct` VALUES (56, 57, '/Img/Product/posteyJhbGciOiJIUzI1NiJ9.eyJzdWIiOiIyMSIsImV4cCI6MTY4MTg2NTMzMn0.rZDRYig6kqEsMiDAY6uM0BT7gVCBNSvascjRJ1uhjfM_2.jpeg', 1);
INSERT INTO `imgproduct` VALUES (57, 57, '/Img/Product/posteyJhbGciOiJIUzI1NiJ9.eyJzdWIiOiIyMSIsImV4cCI6MTY4MTg2NTMzMn0.rZDRYig6kqEsMiDAY6uM0BT7gVCBNSvascjRJ1uhjfM_3.jpeg', 1);
INSERT INTO `imgproduct` VALUES (58, 58, '/Img/Product/posteyJhbGciOiJIUzI1NiJ9.eyJzdWIiOiIyMSIsImV4cCI6MTY4MTg2NTg2OX0.Nn6j23J-Uh-vQhJ79Noqw42NBbKj5-hvk-C64oZ6O5A_0.jpeg', 1);
INSERT INTO `imgproduct` VALUES (59, 58, '/Img/Product/posteyJhbGciOiJIUzI1NiJ9.eyJzdWIiOiIyMSIsImV4cCI6MTY4MTg2NTg2OX0.Nn6j23J-Uh-vQhJ79Noqw42NBbKj5-hvk-C64oZ6O5A_1.jpeg', 1);
INSERT INTO `imgproduct` VALUES (60, 58, '/Img/Product/posteyJhbGciOiJIUzI1NiJ9.eyJzdWIiOiIyMSIsImV4cCI6MTY4MTg2NTg2OX0.Nn6j23J-Uh-vQhJ79Noqw42NBbKj5-hvk-C64oZ6O5A_2.jpeg', 1);
INSERT INTO `imgproduct` VALUES (61, 58, '/Img/Product/posteyJhbGciOiJIUzI1NiJ9.eyJzdWIiOiIyMSIsImV4cCI6MTY4MTg2NTg2OX0.Nn6j23J-Uh-vQhJ79Noqw42NBbKj5-hvk-C64oZ6O5A_3.jpeg', 1);
INSERT INTO `imgproduct` VALUES (66, 60, '/Img/Product/posteyJhbGciOiJIUzI1NiJ9.eyJzdWIiOiIyMSIsImV4cCI6MTY4MTg2NjA5MH0.Y_oX0hNdtN5V09hYNT9i35zI7xWSOGk0GCGIs8Ioo-4_0.jpeg', 1);
INSERT INTO `imgproduct` VALUES (67, 60, '/Img/Product/posteyJhbGciOiJIUzI1NiJ9.eyJzdWIiOiIyMSIsImV4cCI6MTY4MTg2NjA5MH0.Y_oX0hNdtN5V09hYNT9i35zI7xWSOGk0GCGIs8Ioo-4_1.jpeg', 1);
INSERT INTO `imgproduct` VALUES (68, 60, '/Img/Product/posteyJhbGciOiJIUzI1NiJ9.eyJzdWIiOiIyMSIsImV4cCI6MTY4MTg2NjA5MH0.Y_oX0hNdtN5V09hYNT9i35zI7xWSOGk0GCGIs8Ioo-4_2.jpeg', 1);
INSERT INTO `imgproduct` VALUES (69, 60, '/Img/Product/posteyJhbGciOiJIUzI1NiJ9.eyJzdWIiOiIyMSIsImV4cCI6MTY4MTg2NjA5MH0.Y_oX0hNdtN5V09hYNT9i35zI7xWSOGk0GCGIs8Ioo-4_3.jpeg', 1);
INSERT INTO `imgproduct` VALUES (70, 61, '/Img/Product/posteyJhbGciOiJIUzI1NiJ9.eyJzdWIiOiIyMSIsImV4cCI6MTY4MTg2NjQ2NX0.CB10CWA3-mlaAOSJWDufAGLeYNePpgGkLxhd-_pn-Y8_0.jpeg', 1);
INSERT INTO `imgproduct` VALUES (71, 61, '/Img/Product/posteyJhbGciOiJIUzI1NiJ9.eyJzdWIiOiIyMSIsImV4cCI6MTY4MTg2NjQ2NX0.CB10CWA3-mlaAOSJWDufAGLeYNePpgGkLxhd-_pn-Y8_1.jpeg', 1);
INSERT INTO `imgproduct` VALUES (72, 61, '/Img/Product/posteyJhbGciOiJIUzI1NiJ9.eyJzdWIiOiIyMSIsImV4cCI6MTY4MTg2NjQ2NX0.CB10CWA3-mlaAOSJWDufAGLeYNePpgGkLxhd-_pn-Y8_2.jpeg', 1);
INSERT INTO `imgproduct` VALUES (73, 61, '/Img/Product/posteyJhbGciOiJIUzI1NiJ9.eyJzdWIiOiIyMSIsImV4cCI6MTY4MTg2NjQ2NX0.CB10CWA3-mlaAOSJWDufAGLeYNePpgGkLxhd-_pn-Y8_3.jpeg', 1);
INSERT INTO `imgproduct` VALUES (74, 62, '/Img/Product/posteyJhbGciOiJIUzI1NiJ9.eyJzdWIiOiIyMSIsImV4cCI6MTY4MTg2NjY3MH0.V6bVxAU1TAqUpVUMq_b-WEhm9Izi9W4C3DWreeyRDns_0.jpeg', 1);
INSERT INTO `imgproduct` VALUES (75, 62, '/Img/Product/posteyJhbGciOiJIUzI1NiJ9.eyJzdWIiOiIyMSIsImV4cCI6MTY4MTg2NjY3MH0.V6bVxAU1TAqUpVUMq_b-WEhm9Izi9W4C3DWreeyRDns_1.jpeg', 1);
INSERT INTO `imgproduct` VALUES (76, 62, '/Img/Product/posteyJhbGciOiJIUzI1NiJ9.eyJzdWIiOiIyMSIsImV4cCI6MTY4MTg2NjY3MH0.V6bVxAU1TAqUpVUMq_b-WEhm9Izi9W4C3DWreeyRDns_2.jpeg', 1);
INSERT INTO `imgproduct` VALUES (77, 62, '/Img/Product/posteyJhbGciOiJIUzI1NiJ9.eyJzdWIiOiIyMSIsImV4cCI6MTY4MTg2NjY3MH0.V6bVxAU1TAqUpVUMq_b-WEhm9Izi9W4C3DWreeyRDns_3.jpeg', 1);
INSERT INTO `imgproduct` VALUES (78, 63, '/Img/Product/posteyJhbGciOiJIUzI1NiJ9.eyJzdWIiOiIyMSIsImV4cCI6MTY4MTg2NjgzMH0.uLtXrJSILF2RH5T_YuatZ353X48ArX0HV9F1-B0oYp0_0.jpeg', 1);
INSERT INTO `imgproduct` VALUES (79, 63, '/Img/Product/posteyJhbGciOiJIUzI1NiJ9.eyJzdWIiOiIyMSIsImV4cCI6MTY4MTg2NjgzMH0.uLtXrJSILF2RH5T_YuatZ353X48ArX0HV9F1-B0oYp0_1.jpeg', 1);
INSERT INTO `imgproduct` VALUES (80, 63, '/Img/Product/posteyJhbGciOiJIUzI1NiJ9.eyJzdWIiOiIyMSIsImV4cCI6MTY4MTg2NjgzMH0.uLtXrJSILF2RH5T_YuatZ353X48ArX0HV9F1-B0oYp0_2.jpeg', 1);
INSERT INTO `imgproduct` VALUES (81, 63, '/Img/Product/posteyJhbGciOiJIUzI1NiJ9.eyJzdWIiOiIyMSIsImV4cCI6MTY4MTg2NjgzMH0.uLtXrJSILF2RH5T_YuatZ353X48ArX0HV9F1-B0oYp0_3.jpeg', 1);
INSERT INTO `imgproduct` VALUES (82, 64, '/Img/Product/posteyJhbGciOiJIUzI1NiJ9.eyJzdWIiOiIyMSIsImV4cCI6MTY4MTg2NzAzMn0.ByCDmsumozIS6jrifq0XndMjnK1iI1WjDgN7c1up7c4_0.jpeg', 1);
INSERT INTO `imgproduct` VALUES (83, 64, '/Img/Product/posteyJhbGciOiJIUzI1NiJ9.eyJzdWIiOiIyMSIsImV4cCI6MTY4MTg2NzAzMn0.ByCDmsumozIS6jrifq0XndMjnK1iI1WjDgN7c1up7c4_1.jpeg', 1);
INSERT INTO `imgproduct` VALUES (84, 64, '/Img/Product/posteyJhbGciOiJIUzI1NiJ9.eyJzdWIiOiIyMSIsImV4cCI6MTY4MTg2NzAzMn0.ByCDmsumozIS6jrifq0XndMjnK1iI1WjDgN7c1up7c4_2.jpeg', 1);
INSERT INTO `imgproduct` VALUES (85, 64, '/Img/Product/posteyJhbGciOiJIUzI1NiJ9.eyJzdWIiOiIyMSIsImV4cCI6MTY4MTg2NzAzMn0.ByCDmsumozIS6jrifq0XndMjnK1iI1WjDgN7c1up7c4_3.jpeg', 1);
INSERT INTO `imgproduct` VALUES (86, 65, '/Img/Product/posteyJhbGciOiJIUzI1NiJ9.eyJzdWIiOiIyMSIsImV4cCI6MTY4MTg2NzIzNn0.I1wRnYGi8cjuIHNnbmK8A7362nbx0aFYuFzykClyBR0_0.jpeg', 1);
INSERT INTO `imgproduct` VALUES (87, 65, '/Img/Product/posteyJhbGciOiJIUzI1NiJ9.eyJzdWIiOiIyMSIsImV4cCI6MTY4MTg2NzIzNn0.I1wRnYGi8cjuIHNnbmK8A7362nbx0aFYuFzykClyBR0_1.jpeg', 1);
INSERT INTO `imgproduct` VALUES (88, 65, '/Img/Product/posteyJhbGciOiJIUzI1NiJ9.eyJzdWIiOiIyMSIsImV4cCI6MTY4MTg2NzIzNn0.I1wRnYGi8cjuIHNnbmK8A7362nbx0aFYuFzykClyBR0_2.jpeg', 1);
INSERT INTO `imgproduct` VALUES (89, 65, '/Img/Product/posteyJhbGciOiJIUzI1NiJ9.eyJzdWIiOiIyMSIsImV4cCI6MTY4MTg2NzIzNn0.I1wRnYGi8cjuIHNnbmK8A7362nbx0aFYuFzykClyBR0_3.jpeg', 1);
INSERT INTO `imgproduct` VALUES (90, 66, '/Img/Product/posteyJhbGciOiJIUzI1NiJ9.eyJzdWIiOiIyMSIsImV4cCI6MTY4MTg2NzM2Nn0.N6_PYq8Erv7KTy4LV6dFjXzoAqlKHxk2jj4zQlNOvxo_0.jpeg', 1);
INSERT INTO `imgproduct` VALUES (91, 66, '/Img/Product/posteyJhbGciOiJIUzI1NiJ9.eyJzdWIiOiIyMSIsImV4cCI6MTY4MTg2NzM2Nn0.N6_PYq8Erv7KTy4LV6dFjXzoAqlKHxk2jj4zQlNOvxo_1.jpeg', 1);
INSERT INTO `imgproduct` VALUES (92, 66, '/Img/Product/posteyJhbGciOiJIUzI1NiJ9.eyJzdWIiOiIyMSIsImV4cCI6MTY4MTg2NzM2Nn0.N6_PYq8Erv7KTy4LV6dFjXzoAqlKHxk2jj4zQlNOvxo_2.jpeg', 1);
INSERT INTO `imgproduct` VALUES (93, 66, '/Img/Product/posteyJhbGciOiJIUzI1NiJ9.eyJzdWIiOiIyMSIsImV4cCI6MTY4MTg2NzM2Nn0.N6_PYq8Erv7KTy4LV6dFjXzoAqlKHxk2jj4zQlNOvxo_3.jpeg', 1);
INSERT INTO `imgproduct` VALUES (94, 67, '/Img/Product/posteyJhbGciOiJIUzI1NiJ9.eyJzdWIiOiIyMSIsImV4cCI6MTY4MTg2NzYzN30.Ke-vnRKiMbK1eiS1EnjB63pjM4F3rJ92tWDXXS8jWUs_0.jpeg', 1);
INSERT INTO `imgproduct` VALUES (95, 68, '/Img/Product/posteyJhbGciOiJIUzI1NiJ9.eyJzdWIiOiIyMSIsImV4cCI6MTY4MTg2Nzg1N30.02JL2bL0NLTBV2hvMt_TdrINeyl47tGb704VBTm6PAQ_0.jpeg', 1);
INSERT INTO `imgproduct` VALUES (96, 68, '/Img/Product/posteyJhbGciOiJIUzI1NiJ9.eyJzdWIiOiIyMSIsImV4cCI6MTY4MTg2Nzg1N30.02JL2bL0NLTBV2hvMt_TdrINeyl47tGb704VBTm6PAQ_1.jpeg', 1);
INSERT INTO `imgproduct` VALUES (97, 68, '/Img/Product/posteyJhbGciOiJIUzI1NiJ9.eyJzdWIiOiIyMSIsImV4cCI6MTY4MTg2Nzg1N30.02JL2bL0NLTBV2hvMt_TdrINeyl47tGb704VBTm6PAQ_2.jpeg', 1);
INSERT INTO `imgproduct` VALUES (98, 68, '/Img/Product/posteyJhbGciOiJIUzI1NiJ9.eyJzdWIiOiIyMSIsImV4cCI6MTY4MTg2Nzg1N30.02JL2bL0NLTBV2hvMt_TdrINeyl47tGb704VBTm6PAQ_3.jpeg', 1);
INSERT INTO `imgproduct` VALUES (99, 70, '/Img/Product/posteyJhbGciOiJIUzI1NiJ9.eyJzdWIiOiIyMSIsImV4cCI6MTY4MTg2ODQzMH0.zFh-P5mLs0P70HRXNEQOdTZD-I_d04hRZFSYAIv1eKY_0.jpeg', 1);
INSERT INTO `imgproduct` VALUES (100, 70, '/Img/Product/posteyJhbGciOiJIUzI1NiJ9.eyJzdWIiOiIyMSIsImV4cCI6MTY4MTg2ODQzMH0.zFh-P5mLs0P70HRXNEQOdTZD-I_d04hRZFSYAIv1eKY_1.jpeg', 1);
INSERT INTO `imgproduct` VALUES (101, 70, '/Img/Product/posteyJhbGciOiJIUzI1NiJ9.eyJzdWIiOiIyMSIsImV4cCI6MTY4MTg2ODQzMH0.zFh-P5mLs0P70HRXNEQOdTZD-I_d04hRZFSYAIv1eKY_2.jpeg', 1);
INSERT INTO `imgproduct` VALUES (102, 70, '/Img/Product/posteyJhbGciOiJIUzI1NiJ9.eyJzdWIiOiIyMSIsImV4cCI6MTY4MTg2ODQzMH0.zFh-P5mLs0P70HRXNEQOdTZD-I_d04hRZFSYAIv1eKY_3.jpeg', 1);
INSERT INTO `imgproduct` VALUES (103, 71, '/Img/Product/posteyJhbGciOiJIUzI1NiJ9.eyJzdWIiOiIyMSIsImV4cCI6MTY4MTg2ODYxMn0.-Ch_jHum-WBs4SPTb6y2C2w2OMKEpOm7CBga4sG1c2c_0.jpeg', 1);
INSERT INTO `imgproduct` VALUES (104, 71, '/Img/Product/posteyJhbGciOiJIUzI1NiJ9.eyJzdWIiOiIyMSIsImV4cCI6MTY4MTg2ODYxMn0.-Ch_jHum-WBs4SPTb6y2C2w2OMKEpOm7CBga4sG1c2c_1.jpeg', 1);
INSERT INTO `imgproduct` VALUES (105, 71, '/Img/Product/posteyJhbGciOiJIUzI1NiJ9.eyJzdWIiOiIyMSIsImV4cCI6MTY4MTg2ODYxMn0.-Ch_jHum-WBs4SPTb6y2C2w2OMKEpOm7CBga4sG1c2c_2.jpeg', 1);
INSERT INTO `imgproduct` VALUES (106, 71, '/Img/Product/posteyJhbGciOiJIUzI1NiJ9.eyJzdWIiOiIyMSIsImV4cCI6MTY4MTg2ODYxMn0.-Ch_jHum-WBs4SPTb6y2C2w2OMKEpOm7CBga4sG1c2c_3.jpeg', 1);
INSERT INTO `imgproduct` VALUES (107, 72, '/Img/Product/posteyJhbGciOiJIUzI1NiJ9.eyJzdWIiOiIyMSIsImV4cCI6MTY4MTg2ODc2Nn0.G_woeWfVgcW6Gr7KGRRtQevUqQoqbEH29povy7r64yI_0.jpeg', 1);
INSERT INTO `imgproduct` VALUES (108, 72, '/Img/Product/posteyJhbGciOiJIUzI1NiJ9.eyJzdWIiOiIyMSIsImV4cCI6MTY4MTg2ODc2Nn0.G_woeWfVgcW6Gr7KGRRtQevUqQoqbEH29povy7r64yI_1.jpeg', 1);
INSERT INTO `imgproduct` VALUES (109, 72, '/Img/Product/posteyJhbGciOiJIUzI1NiJ9.eyJzdWIiOiIyMSIsImV4cCI6MTY4MTg2ODc2Nn0.G_woeWfVgcW6Gr7KGRRtQevUqQoqbEH29povy7r64yI_2.jpeg', 1);
INSERT INTO `imgproduct` VALUES (110, 72, '/Img/Product/posteyJhbGciOiJIUzI1NiJ9.eyJzdWIiOiIyMSIsImV4cCI6MTY4MTg2ODc2Nn0.G_woeWfVgcW6Gr7KGRRtQevUqQoqbEH29povy7r64yI_3.jpeg', 1);
INSERT INTO `imgproduct` VALUES (111, 73, '/Img/Product/posteyJhbGciOiJIUzI1NiJ9.eyJzdWIiOiIyMSIsImV4cCI6MTY4MTg2ODk3M30.xu_jFC46UJ8mc6KOd55-rBFfCayIUkv1FzZz7F0wrpg_0.jpeg', 1);
INSERT INTO `imgproduct` VALUES (112, 73, '/Img/Product/posteyJhbGciOiJIUzI1NiJ9.eyJzdWIiOiIyMSIsImV4cCI6MTY4MTg2ODk3M30.xu_jFC46UJ8mc6KOd55-rBFfCayIUkv1FzZz7F0wrpg_1.jpeg', 1);
INSERT INTO `imgproduct` VALUES (113, 73, '/Img/Product/posteyJhbGciOiJIUzI1NiJ9.eyJzdWIiOiIyMSIsImV4cCI6MTY4MTg2ODk3M30.xu_jFC46UJ8mc6KOd55-rBFfCayIUkv1FzZz7F0wrpg_2.jpeg', 1);
INSERT INTO `imgproduct` VALUES (114, 73, '/Img/Product/posteyJhbGciOiJIUzI1NiJ9.eyJzdWIiOiIyMSIsImV4cCI6MTY4MTg2ODk3M30.xu_jFC46UJ8mc6KOd55-rBFfCayIUkv1FzZz7F0wrpg_3.jpeg', 1);
INSERT INTO `imgproduct` VALUES (115, 74, '/Img/Product/posteyJhbGciOiJIUzI1NiJ9.eyJzdWIiOiIyMSIsImV4cCI6MTY4MTg2OTE4M30.6i78BLIvvByv2nCO88GWQw-mf0ubtGwMg44Z36vob2A_0.jpeg', 1);
INSERT INTO `imgproduct` VALUES (116, 74, '/Img/Product/posteyJhbGciOiJIUzI1NiJ9.eyJzdWIiOiIyMSIsImV4cCI6MTY4MTg2OTE4M30.6i78BLIvvByv2nCO88GWQw-mf0ubtGwMg44Z36vob2A_1.jpeg', 1);
INSERT INTO `imgproduct` VALUES (117, 74, '/Img/Product/posteyJhbGciOiJIUzI1NiJ9.eyJzdWIiOiIyMSIsImV4cCI6MTY4MTg2OTE4M30.6i78BLIvvByv2nCO88GWQw-mf0ubtGwMg44Z36vob2A_2.jpeg', 1);
INSERT INTO `imgproduct` VALUES (118, 74, '/Img/Product/posteyJhbGciOiJIUzI1NiJ9.eyJzdWIiOiIyMSIsImV4cCI6MTY4MTg2OTE4M30.6i78BLIvvByv2nCO88GWQw-mf0ubtGwMg44Z36vob2A_3.jpeg', 1);
INSERT INTO `imgproduct` VALUES (119, 75, '/Img/Product/posteyJhbGciOiJIUzI1NiJ9.eyJzdWIiOiIyMSIsImV4cCI6MTY4MTg2OTYwNH0.A4C3M0qbNkLUBonidZfrN1yrnyWIXfh_maQca5OlW9Q_0.jpeg', 1);
INSERT INTO `imgproduct` VALUES (120, 75, '/Img/Product/posteyJhbGciOiJIUzI1NiJ9.eyJzdWIiOiIyMSIsImV4cCI6MTY4MTg2OTYwNH0.A4C3M0qbNkLUBonidZfrN1yrnyWIXfh_maQca5OlW9Q_1.jpeg', 1);
INSERT INTO `imgproduct` VALUES (121, 75, '/Img/Product/posteyJhbGciOiJIUzI1NiJ9.eyJzdWIiOiIyMSIsImV4cCI6MTY4MTg2OTYwNH0.A4C3M0qbNkLUBonidZfrN1yrnyWIXfh_maQca5OlW9Q_2.jpeg', 1);
INSERT INTO `imgproduct` VALUES (122, 75, '/Img/Product/posteyJhbGciOiJIUzI1NiJ9.eyJzdWIiOiIyMSIsImV4cCI6MTY4MTg2OTYwNH0.A4C3M0qbNkLUBonidZfrN1yrnyWIXfh_maQca5OlW9Q_3.jpeg', 1);
INSERT INTO `imgproduct` VALUES (123, 76, '/Img/Product/posteyJhbGciOiJIUzI1NiJ9.eyJzdWIiOiIyMiIsImV4cCI6MTY4MTg2OTg2N30.yWeQVQ7eKoB1mHYocPS1fGs46NtkRY_9_D8M5dO4Yvc_0.jpeg', 1);
INSERT INTO `imgproduct` VALUES (124, 76, '/Img/Product/posteyJhbGciOiJIUzI1NiJ9.eyJzdWIiOiIyMiIsImV4cCI6MTY4MTg2OTg2N30.yWeQVQ7eKoB1mHYocPS1fGs46NtkRY_9_D8M5dO4Yvc_1.jpeg', 1);
INSERT INTO `imgproduct` VALUES (125, 76, '/Img/Product/posteyJhbGciOiJIUzI1NiJ9.eyJzdWIiOiIyMiIsImV4cCI6MTY4MTg2OTg2N30.yWeQVQ7eKoB1mHYocPS1fGs46NtkRY_9_D8M5dO4Yvc_2.jpeg', 1);
INSERT INTO `imgproduct` VALUES (126, 76, '/Img/Product/posteyJhbGciOiJIUzI1NiJ9.eyJzdWIiOiIyMiIsImV4cCI6MTY4MTg2OTg2N30.yWeQVQ7eKoB1mHYocPS1fGs46NtkRY_9_D8M5dO4Yvc_3.jpeg', 1);
INSERT INTO `imgproduct` VALUES (127, 77, '/Img/Product/posteyJhbGciOiJIUzI1NiJ9.eyJzdWIiOiIyMiIsImV4cCI6MTY4MTg3MDAwOX0.7SPdytQRjP8jPKyiRNsLrKsRcGMv1XSm3IU2kh-sxFs_0.jpeg', 1);
INSERT INTO `imgproduct` VALUES (128, 77, '/Img/Product/posteyJhbGciOiJIUzI1NiJ9.eyJzdWIiOiIyMiIsImV4cCI6MTY4MTg3MDAwOX0.7SPdytQRjP8jPKyiRNsLrKsRcGMv1XSm3IU2kh-sxFs_1.jpeg', 1);
INSERT INTO `imgproduct` VALUES (129, 77, '/Img/Product/posteyJhbGciOiJIUzI1NiJ9.eyJzdWIiOiIyMiIsImV4cCI6MTY4MTg3MDAwOX0.7SPdytQRjP8jPKyiRNsLrKsRcGMv1XSm3IU2kh-sxFs_2.jpeg', 1);
INSERT INTO `imgproduct` VALUES (130, 77, '/Img/Product/posteyJhbGciOiJIUzI1NiJ9.eyJzdWIiOiIyMiIsImV4cCI6MTY4MTg3MDAwOX0.7SPdytQRjP8jPKyiRNsLrKsRcGMv1XSm3IU2kh-sxFs_3.jpeg', 1);
INSERT INTO `imgproduct` VALUES (131, 78, '/Img/Product/posteyJhbGciOiJIUzI1NiJ9.eyJzdWIiOiIyMiIsImV4cCI6MTY4MTg3MDE1OH0._F9wKtEF4jXPBv_VSZyxZAyHdTyUYLZAB9mqdCi8uHw_0.jpeg', 1);
INSERT INTO `imgproduct` VALUES (132, 78, '/Img/Product/posteyJhbGciOiJIUzI1NiJ9.eyJzdWIiOiIyMiIsImV4cCI6MTY4MTg3MDE1OH0._F9wKtEF4jXPBv_VSZyxZAyHdTyUYLZAB9mqdCi8uHw_1.jpeg', 1);
INSERT INTO `imgproduct` VALUES (133, 78, '/Img/Product/posteyJhbGciOiJIUzI1NiJ9.eyJzdWIiOiIyMiIsImV4cCI6MTY4MTg3MDE1OH0._F9wKtEF4jXPBv_VSZyxZAyHdTyUYLZAB9mqdCi8uHw_2.jpeg', 1);
INSERT INTO `imgproduct` VALUES (134, 78, '/Img/Product/posteyJhbGciOiJIUzI1NiJ9.eyJzdWIiOiIyMiIsImV4cCI6MTY4MTg3MDE1OH0._F9wKtEF4jXPBv_VSZyxZAyHdTyUYLZAB9mqdCi8uHw_3.jpeg', 1);
INSERT INTO `imgproduct` VALUES (135, 79, '/Img/Product/posteyJhbGciOiJIUzI1NiJ9.eyJzdWIiOiIyMiIsImV4cCI6MTY4MTg3MDMwOX0.JFwZ4jYTusgBO0JxLTPgd-80jcjJM6Qthp7mITlFeYQ_0.jpeg', 1);
INSERT INTO `imgproduct` VALUES (136, 79, '/Img/Product/posteyJhbGciOiJIUzI1NiJ9.eyJzdWIiOiIyMiIsImV4cCI6MTY4MTg3MDMwOX0.JFwZ4jYTusgBO0JxLTPgd-80jcjJM6Qthp7mITlFeYQ_1.jpeg', 1);
INSERT INTO `imgproduct` VALUES (137, 79, '/Img/Product/posteyJhbGciOiJIUzI1NiJ9.eyJzdWIiOiIyMiIsImV4cCI6MTY4MTg3MDMwOX0.JFwZ4jYTusgBO0JxLTPgd-80jcjJM6Qthp7mITlFeYQ_2.jpeg', 1);
INSERT INTO `imgproduct` VALUES (138, 79, '/Img/Product/posteyJhbGciOiJIUzI1NiJ9.eyJzdWIiOiIyMiIsImV4cCI6MTY4MTg3MDMwOX0.JFwZ4jYTusgBO0JxLTPgd-80jcjJM6Qthp7mITlFeYQ_3.jpeg', 1);
INSERT INTO `imgproduct` VALUES (139, 80, '/Img/Product/posteyJhbGciOiJIUzI1NiJ9.eyJzdWIiOiIyMiIsImV4cCI6MTY4MTg3MDUyM30.LQlIou5cBjfv55MBd3DWIYTbYZyGoeh-yBbFIHzB9NY_0.jpeg', 1);
INSERT INTO `imgproduct` VALUES (140, 80, '/Img/Product/posteyJhbGciOiJIUzI1NiJ9.eyJzdWIiOiIyMiIsImV4cCI6MTY4MTg3MDUyM30.LQlIou5cBjfv55MBd3DWIYTbYZyGoeh-yBbFIHzB9NY_1.jpeg', 1);
INSERT INTO `imgproduct` VALUES (141, 80, '/Img/Product/posteyJhbGciOiJIUzI1NiJ9.eyJzdWIiOiIyMiIsImV4cCI6MTY4MTg3MDUyM30.LQlIou5cBjfv55MBd3DWIYTbYZyGoeh-yBbFIHzB9NY_2.jpeg', 1);
INSERT INTO `imgproduct` VALUES (142, 80, '/Img/Product/posteyJhbGciOiJIUzI1NiJ9.eyJzdWIiOiIyMiIsImV4cCI6MTY4MTg3MDUyM30.LQlIou5cBjfv55MBd3DWIYTbYZyGoeh-yBbFIHzB9NY_3.jpeg', 1);
INSERT INTO `imgproduct` VALUES (143, 81, '/Img/Product/posteyJhbGciOiJIUzI1NiJ9.eyJzdWIiOiIyMiIsImV4cCI6MTY4MTg3MDY2N30.e2ypW7UWKvnH3Hu2f0-9kYQMX-uF32qIaIz4dzA7a5E_0.jpeg', 1);
INSERT INTO `imgproduct` VALUES (144, 81, '/Img/Product/posteyJhbGciOiJIUzI1NiJ9.eyJzdWIiOiIyMiIsImV4cCI6MTY4MTg3MDY2N30.e2ypW7UWKvnH3Hu2f0-9kYQMX-uF32qIaIz4dzA7a5E_1.jpeg', 1);
INSERT INTO `imgproduct` VALUES (145, 81, '/Img/Product/posteyJhbGciOiJIUzI1NiJ9.eyJzdWIiOiIyMiIsImV4cCI6MTY4MTg3MDY2N30.e2ypW7UWKvnH3Hu2f0-9kYQMX-uF32qIaIz4dzA7a5E_2.jpeg', 1);
INSERT INTO `imgproduct` VALUES (146, 81, '/Img/Product/posteyJhbGciOiJIUzI1NiJ9.eyJzdWIiOiIyMiIsImV4cCI6MTY4MTg3MDY2N30.e2ypW7UWKvnH3Hu2f0-9kYQMX-uF32qIaIz4dzA7a5E_3.jpeg', 1);
INSERT INTO `imgproduct` VALUES (147, 82, '/Img/Product/posteyJhbGciOiJIUzI1NiJ9.eyJzdWIiOiIyMiIsImV4cCI6MTY4MTg3MDg0Mn0.hGjIbKcyjOQ6-Tgfcu450DOiN4uwLc8fBpvpDMe82MM_0.jpeg', 1);
INSERT INTO `imgproduct` VALUES (148, 82, '/Img/Product/posteyJhbGciOiJIUzI1NiJ9.eyJzdWIiOiIyMiIsImV4cCI6MTY4MTg3MDg0Mn0.hGjIbKcyjOQ6-Tgfcu450DOiN4uwLc8fBpvpDMe82MM_1.jpeg', 1);
INSERT INTO `imgproduct` VALUES (149, 82, '/Img/Product/posteyJhbGciOiJIUzI1NiJ9.eyJzdWIiOiIyMiIsImV4cCI6MTY4MTg3MDg0Mn0.hGjIbKcyjOQ6-Tgfcu450DOiN4uwLc8fBpvpDMe82MM_2.jpeg', 1);
INSERT INTO `imgproduct` VALUES (150, 82, '/Img/Product/posteyJhbGciOiJIUzI1NiJ9.eyJzdWIiOiIyMiIsImV4cCI6MTY4MTg3MDg0Mn0.hGjIbKcyjOQ6-Tgfcu450DOiN4uwLc8fBpvpDMe82MM_3.jpeg', 1);
INSERT INTO `imgproduct` VALUES (151, 83, '/Img/Product/posteyJhbGciOiJIUzI1NiJ9.eyJzdWIiOiIyMiIsImV4cCI6MTY4MTg3MTE2OH0.UbBCVLCTQah0FAPHoqaRS9XAFJI5WPte5gUZsqEMjn4_0.jpeg', 1);
INSERT INTO `imgproduct` VALUES (152, 83, '/Img/Product/posteyJhbGciOiJIUzI1NiJ9.eyJzdWIiOiIyMiIsImV4cCI6MTY4MTg3MTE2OH0.UbBCVLCTQah0FAPHoqaRS9XAFJI5WPte5gUZsqEMjn4_1.jpeg', 1);
INSERT INTO `imgproduct` VALUES (153, 83, '/Img/Product/posteyJhbGciOiJIUzI1NiJ9.eyJzdWIiOiIyMiIsImV4cCI6MTY4MTg3MTE2OH0.UbBCVLCTQah0FAPHoqaRS9XAFJI5WPte5gUZsqEMjn4_2.jpeg', 1);
INSERT INTO `imgproduct` VALUES (154, 83, '/Img/Product/posteyJhbGciOiJIUzI1NiJ9.eyJzdWIiOiIyMiIsImV4cCI6MTY4MTg3MTE2OH0.UbBCVLCTQah0FAPHoqaRS9XAFJI5WPte5gUZsqEMjn4_3.jpeg', 1);
INSERT INTO `imgproduct` VALUES (155, 84, '/Img/Product/posteyJhbGciOiJIUzI1NiJ9.eyJzdWIiOiIyMiIsImV4cCI6MTY4MTg3MTM1Nn0.XTIoMesh4VTJbrjO3pcYej4IeHVpoeKYYTtHRvCAaks_0.jpeg', 1);
INSERT INTO `imgproduct` VALUES (156, 84, '/Img/Product/posteyJhbGciOiJIUzI1NiJ9.eyJzdWIiOiIyMiIsImV4cCI6MTY4MTg3MTM1Nn0.XTIoMesh4VTJbrjO3pcYej4IeHVpoeKYYTtHRvCAaks_1.jpeg', 1);
INSERT INTO `imgproduct` VALUES (157, 84, '/Img/Product/posteyJhbGciOiJIUzI1NiJ9.eyJzdWIiOiIyMiIsImV4cCI6MTY4MTg3MTM1Nn0.XTIoMesh4VTJbrjO3pcYej4IeHVpoeKYYTtHRvCAaks_2.jpeg', 1);
INSERT INTO `imgproduct` VALUES (158, 84, '/Img/Product/posteyJhbGciOiJIUzI1NiJ9.eyJzdWIiOiIyMiIsImV4cCI6MTY4MTg3MTM1Nn0.XTIoMesh4VTJbrjO3pcYej4IeHVpoeKYYTtHRvCAaks_3.jpeg', 1);
INSERT INTO `imgproduct` VALUES (159, 85, '/Img/Product/posteyJhbGciOiJIUzI1NiJ9.eyJzdWIiOiIyMiIsImV4cCI6MTY4MTg3MTkyMn0.emCDFNRMmlEHWG4o8TbvSlS9RrfKLrazCbmSNJuxYp4_0.jpeg', 1);
INSERT INTO `imgproduct` VALUES (160, 85, '/Img/Product/posteyJhbGciOiJIUzI1NiJ9.eyJzdWIiOiIyMiIsImV4cCI6MTY4MTg3MTkyMn0.emCDFNRMmlEHWG4o8TbvSlS9RrfKLrazCbmSNJuxYp4_1.jpeg', 1);
INSERT INTO `imgproduct` VALUES (161, 85, '/Img/Product/posteyJhbGciOiJIUzI1NiJ9.eyJzdWIiOiIyMiIsImV4cCI6MTY4MTg3MTkyMn0.emCDFNRMmlEHWG4o8TbvSlS9RrfKLrazCbmSNJuxYp4_2.jpeg', 1);
INSERT INTO `imgproduct` VALUES (162, 85, '/Img/Product/posteyJhbGciOiJIUzI1NiJ9.eyJzdWIiOiIyMiIsImV4cCI6MTY4MTg3MTkyMn0.emCDFNRMmlEHWG4o8TbvSlS9RrfKLrazCbmSNJuxYp4_3.jpeg', 1);
INSERT INTO `imgproduct` VALUES (163, 86, '/Img/Product/posteyJhbGciOiJIUzI1NiJ9.eyJzdWIiOiIyMiIsImV4cCI6MTY4MTg3MjM4MX0.mP_a_1hz0npNleHvEXzz5AbUiB79zyvrjMxLkIQXbBs_0.jpeg', 1);
INSERT INTO `imgproduct` VALUES (164, 86, '/Img/Product/posteyJhbGciOiJIUzI1NiJ9.eyJzdWIiOiIyMiIsImV4cCI6MTY4MTg3MjM4MX0.mP_a_1hz0npNleHvEXzz5AbUiB79zyvrjMxLkIQXbBs_1.jpeg', 1);
INSERT INTO `imgproduct` VALUES (165, 86, '/Img/Product/posteyJhbGciOiJIUzI1NiJ9.eyJzdWIiOiIyMiIsImV4cCI6MTY4MTg3MjM4MX0.mP_a_1hz0npNleHvEXzz5AbUiB79zyvrjMxLkIQXbBs_2.jpeg', 1);
INSERT INTO `imgproduct` VALUES (166, 86, '/Img/Product/posteyJhbGciOiJIUzI1NiJ9.eyJzdWIiOiIyMiIsImV4cCI6MTY4MTg3MjM4MX0.mP_a_1hz0npNleHvEXzz5AbUiB79zyvrjMxLkIQXbBs_3.jpeg', 1);
INSERT INTO `imgproduct` VALUES (167, 87, '/Img/Product/posteyJhbGciOiJIUzI1NiJ9.eyJzdWIiOiIyMiIsImV4cCI6MTY4MTg3MjU2MH0.0Q2ktl2CQ_Yg-Q6IyxEkaJkvwAcGWQ0SLaYjglrNWkQ_0.jpeg', 1);
INSERT INTO `imgproduct` VALUES (168, 87, '/Img/Product/posteyJhbGciOiJIUzI1NiJ9.eyJzdWIiOiIyMiIsImV4cCI6MTY4MTg3MjU2MH0.0Q2ktl2CQ_Yg-Q6IyxEkaJkvwAcGWQ0SLaYjglrNWkQ_1.jpeg', 1);
INSERT INTO `imgproduct` VALUES (169, 87, '/Img/Product/posteyJhbGciOiJIUzI1NiJ9.eyJzdWIiOiIyMiIsImV4cCI6MTY4MTg3MjU2MH0.0Q2ktl2CQ_Yg-Q6IyxEkaJkvwAcGWQ0SLaYjglrNWkQ_2.jpeg', 1);
INSERT INTO `imgproduct` VALUES (170, 87, '/Img/Product/posteyJhbGciOiJIUzI1NiJ9.eyJzdWIiOiIyMiIsImV4cCI6MTY4MTg3MjU2MH0.0Q2ktl2CQ_Yg-Q6IyxEkaJkvwAcGWQ0SLaYjglrNWkQ_3.jpeg', 1);
INSERT INTO `imgproduct` VALUES (171, 88, '/Img/Product/posteyJhbGciOiJIUzI1NiJ9.eyJzdWIiOiIyMiIsImV4cCI6MTY4MTg3MjY5NX0.-i0uJ2Ixcs22SyodJdbuCu-ZEYBFvciWTjNQferruEg_0.jpeg', 1);
INSERT INTO `imgproduct` VALUES (172, 88, '/Img/Product/posteyJhbGciOiJIUzI1NiJ9.eyJzdWIiOiIyMiIsImV4cCI6MTY4MTg3MjY5NX0.-i0uJ2Ixcs22SyodJdbuCu-ZEYBFvciWTjNQferruEg_1.jpeg', 1);
INSERT INTO `imgproduct` VALUES (173, 88, '/Img/Product/posteyJhbGciOiJIUzI1NiJ9.eyJzdWIiOiIyMiIsImV4cCI6MTY4MTg3MjY5NX0.-i0uJ2Ixcs22SyodJdbuCu-ZEYBFvciWTjNQferruEg_2.jpeg', 1);
INSERT INTO `imgproduct` VALUES (174, 88, '/Img/Product/posteyJhbGciOiJIUzI1NiJ9.eyJzdWIiOiIyMiIsImV4cCI6MTY4MTg3MjY5NX0.-i0uJ2Ixcs22SyodJdbuCu-ZEYBFvciWTjNQferruEg_3.jpeg', 1);
INSERT INTO `imgproduct` VALUES (175, 89, '/Img/Product/posteyJhbGciOiJIUzI1NiJ9.eyJzdWIiOiIyMiIsImV4cCI6MTY4MTg3Mjg2N30.3qUF1yaEtHroucW3uJKNL6yKawMUIVAGlpOt7FQZLB8_0.jpeg', 1);
INSERT INTO `imgproduct` VALUES (176, 89, '/Img/Product/posteyJhbGciOiJIUzI1NiJ9.eyJzdWIiOiIyMiIsImV4cCI6MTY4MTg3Mjg2N30.3qUF1yaEtHroucW3uJKNL6yKawMUIVAGlpOt7FQZLB8_1.jpeg', 1);
INSERT INTO `imgproduct` VALUES (177, 89, '/Img/Product/posteyJhbGciOiJIUzI1NiJ9.eyJzdWIiOiIyMiIsImV4cCI6MTY4MTg3Mjg2N30.3qUF1yaEtHroucW3uJKNL6yKawMUIVAGlpOt7FQZLB8_2.jpeg', 1);
INSERT INTO `imgproduct` VALUES (178, 89, '/Img/Product/posteyJhbGciOiJIUzI1NiJ9.eyJzdWIiOiIyMiIsImV4cCI6MTY4MTg3Mjg2N30.3qUF1yaEtHroucW3uJKNL6yKawMUIVAGlpOt7FQZLB8_3.jpeg', 1);
INSERT INTO `imgproduct` VALUES (179, 90, '/Img/Product/posteyJhbGciOiJIUzI1NiJ9.eyJzdWIiOiIyMiIsImV4cCI6MTY4MTg3Mjk3Nn0.D7r8JUJ4rQu_85SgP_qirVJTEGBCN7HHGt0ZpuAExTM_0.jpeg', 1);
INSERT INTO `imgproduct` VALUES (180, 90, '/Img/Product/posteyJhbGciOiJIUzI1NiJ9.eyJzdWIiOiIyMiIsImV4cCI6MTY4MTg3Mjk3Nn0.D7r8JUJ4rQu_85SgP_qirVJTEGBCN7HHGt0ZpuAExTM_1.jpeg', 1);
INSERT INTO `imgproduct` VALUES (181, 90, '/Img/Product/posteyJhbGciOiJIUzI1NiJ9.eyJzdWIiOiIyMiIsImV4cCI6MTY4MTg3Mjk3Nn0.D7r8JUJ4rQu_85SgP_qirVJTEGBCN7HHGt0ZpuAExTM_2.jpeg', 1);
INSERT INTO `imgproduct` VALUES (182, 90, '/Img/Product/posteyJhbGciOiJIUzI1NiJ9.eyJzdWIiOiIyMiIsImV4cCI6MTY4MTg3Mjk3Nn0.D7r8JUJ4rQu_85SgP_qirVJTEGBCN7HHGt0ZpuAExTM_3.jpeg', 1);
INSERT INTO `imgproduct` VALUES (183, 91, '/Img/Product/posteyJhbGciOiJIUzI1NiJ9.eyJzdWIiOiIyMiIsImV4cCI6MTY4MTg3MzEzN30.aKFF_pSDjXk3D6yt3J2-zL8pJhf3qo8ZJvr4J8dD2Uk_0.jpeg', 1);
INSERT INTO `imgproduct` VALUES (184, 91, '/Img/Product/posteyJhbGciOiJIUzI1NiJ9.eyJzdWIiOiIyMiIsImV4cCI6MTY4MTg3MzEzN30.aKFF_pSDjXk3D6yt3J2-zL8pJhf3qo8ZJvr4J8dD2Uk_1.jpeg', 1);
INSERT INTO `imgproduct` VALUES (185, 91, '/Img/Product/posteyJhbGciOiJIUzI1NiJ9.eyJzdWIiOiIyMiIsImV4cCI6MTY4MTg3MzEzN30.aKFF_pSDjXk3D6yt3J2-zL8pJhf3qo8ZJvr4J8dD2Uk_2.jpeg', 1);
INSERT INTO `imgproduct` VALUES (186, 91, '/Img/Product/posteyJhbGciOiJIUzI1NiJ9.eyJzdWIiOiIyMiIsImV4cCI6MTY4MTg3MzEzN30.aKFF_pSDjXk3D6yt3J2-zL8pJhf3qo8ZJvr4J8dD2Uk_3.jpeg', 1);
INSERT INTO `imgproduct` VALUES (187, 92, '/Img/Product/posteyJhbGciOiJIUzI1NiJ9.eyJzdWIiOiIyMiIsImV4cCI6MTY4MTg3MzM1M30.wTfwzo8445EcATitrTf3LW866jETScPAwM0pRuEio4k_0.jpeg', 1);
INSERT INTO `imgproduct` VALUES (188, 92, '/Img/Product/posteyJhbGciOiJIUzI1NiJ9.eyJzdWIiOiIyMiIsImV4cCI6MTY4MTg3MzM1M30.wTfwzo8445EcATitrTf3LW866jETScPAwM0pRuEio4k_1.jpeg', 1);
INSERT INTO `imgproduct` VALUES (189, 92, '/Img/Product/posteyJhbGciOiJIUzI1NiJ9.eyJzdWIiOiIyMiIsImV4cCI6MTY4MTg3MzM1M30.wTfwzo8445EcATitrTf3LW866jETScPAwM0pRuEio4k_2.jpeg', 1);
INSERT INTO `imgproduct` VALUES (190, 92, '/Img/Product/posteyJhbGciOiJIUzI1NiJ9.eyJzdWIiOiIyMiIsImV4cCI6MTY4MTg3MzM1M30.wTfwzo8445EcATitrTf3LW866jETScPAwM0pRuEio4k_3.jpeg', 1);
INSERT INTO `imgproduct` VALUES (191, 93, '/Img/Product/posteyJhbGciOiJIUzI1NiJ9.eyJzdWIiOiIyMiIsImV4cCI6MTY4MTkxMjMxN30.PBwremSBBkykxD2nbp06izmvBjTSC0Qcqrwt6NyHqG0_0.jpeg', 1);
INSERT INTO `imgproduct` VALUES (192, 93, '/Img/Product/posteyJhbGciOiJIUzI1NiJ9.eyJzdWIiOiIyMiIsImV4cCI6MTY4MTkxMjMxN30.PBwremSBBkykxD2nbp06izmvBjTSC0Qcqrwt6NyHqG0_1.jpeg', 1);
INSERT INTO `imgproduct` VALUES (193, 93, '/Img/Product/posteyJhbGciOiJIUzI1NiJ9.eyJzdWIiOiIyMiIsImV4cCI6MTY4MTkxMjMxN30.PBwremSBBkykxD2nbp06izmvBjTSC0Qcqrwt6NyHqG0_2.jpeg', 1);
INSERT INTO `imgproduct` VALUES (194, 93, '/Img/Product/posteyJhbGciOiJIUzI1NiJ9.eyJzdWIiOiIyMiIsImV4cCI6MTY4MTkxMjMxN30.PBwremSBBkykxD2nbp06izmvBjTSC0Qcqrwt6NyHqG0_3.jpeg', 1);
INSERT INTO `imgproduct` VALUES (195, 94, '/Img/Product/posteyJhbGciOiJIUzI1NiJ9.eyJzdWIiOiIyMiIsImV4cCI6MTY4MTkxMjUwN30.AwEtasQ18kkWTPT5wxKjOIRliMZ2fZ6fOvJeQ6IfUuk_0.jpeg', 1);
INSERT INTO `imgproduct` VALUES (196, 94, '/Img/Product/posteyJhbGciOiJIUzI1NiJ9.eyJzdWIiOiIyMiIsImV4cCI6MTY4MTkxMjUwN30.AwEtasQ18kkWTPT5wxKjOIRliMZ2fZ6fOvJeQ6IfUuk_1.jpeg', 1);
INSERT INTO `imgproduct` VALUES (197, 94, '/Img/Product/posteyJhbGciOiJIUzI1NiJ9.eyJzdWIiOiIyMiIsImV4cCI6MTY4MTkxMjUwN30.AwEtasQ18kkWTPT5wxKjOIRliMZ2fZ6fOvJeQ6IfUuk_2.jpeg', 1);
INSERT INTO `imgproduct` VALUES (198, 94, '/Img/Product/posteyJhbGciOiJIUzI1NiJ9.eyJzdWIiOiIyMiIsImV4cCI6MTY4MTkxMjUwN30.AwEtasQ18kkWTPT5wxKjOIRliMZ2fZ6fOvJeQ6IfUuk_3.jpeg', 1);
INSERT INTO `imgproduct` VALUES (199, 95, '/Img/Product/posteyJhbGciOiJIUzI1NiJ9.eyJzdWIiOiIyMiIsImV4cCI6MTY4MTkxMjc2NX0.-BaL_nS4lY_y7YwWHCVFmjJnDEeCwsClBt9mMDeJMJg_0.jpeg', 1);
INSERT INTO `imgproduct` VALUES (200, 95, '/Img/Product/posteyJhbGciOiJIUzI1NiJ9.eyJzdWIiOiIyMiIsImV4cCI6MTY4MTkxMjc2NX0.-BaL_nS4lY_y7YwWHCVFmjJnDEeCwsClBt9mMDeJMJg_1.jpeg', 1);
INSERT INTO `imgproduct` VALUES (201, 95, '/Img/Product/posteyJhbGciOiJIUzI1NiJ9.eyJzdWIiOiIyMiIsImV4cCI6MTY4MTkxMjc2NX0.-BaL_nS4lY_y7YwWHCVFmjJnDEeCwsClBt9mMDeJMJg_2.jpeg', 1);
INSERT INTO `imgproduct` VALUES (202, 95, '/Img/Product/posteyJhbGciOiJIUzI1NiJ9.eyJzdWIiOiIyMiIsImV4cCI6MTY4MTkxMjc2NX0.-BaL_nS4lY_y7YwWHCVFmjJnDEeCwsClBt9mMDeJMJg_3.jpeg', 1);
INSERT INTO `imgproduct` VALUES (203, 96, '/Img/Product/posteyJhbGciOiJIUzI1NiJ9.eyJzdWIiOiIyMiIsImV4cCI6MTY4MTkxMjkxOX0.z8DEEjLt0-GotN4jJR0hLHZH8fmf2yY51AjdoS_d09E_0.jpeg', 1);
INSERT INTO `imgproduct` VALUES (204, 96, '/Img/Product/posteyJhbGciOiJIUzI1NiJ9.eyJzdWIiOiIyMiIsImV4cCI6MTY4MTkxMjkxOX0.z8DEEjLt0-GotN4jJR0hLHZH8fmf2yY51AjdoS_d09E_1.jpeg', 1);
INSERT INTO `imgproduct` VALUES (205, 96, '/Img/Product/posteyJhbGciOiJIUzI1NiJ9.eyJzdWIiOiIyMiIsImV4cCI6MTY4MTkxMjkxOX0.z8DEEjLt0-GotN4jJR0hLHZH8fmf2yY51AjdoS_d09E_2.jpeg', 1);
INSERT INTO `imgproduct` VALUES (206, 96, '/Img/Product/posteyJhbGciOiJIUzI1NiJ9.eyJzdWIiOiIyMiIsImV4cCI6MTY4MTkxMjkxOX0.z8DEEjLt0-GotN4jJR0hLHZH8fmf2yY51AjdoS_d09E_3.jpeg', 1);
INSERT INTO `imgproduct` VALUES (207, 97, '/Img/Product/posteyJhbGciOiJIUzI1NiJ9.eyJzdWIiOiIyMiIsImV4cCI6MTY4MTkxMzEyNn0.wGNnPnwrK2Yy5pftc9LdPquEd8RPwzb_x8D7U_N49Oo_0.jpeg', 1);
INSERT INTO `imgproduct` VALUES (208, 97, '/Img/Product/posteyJhbGciOiJIUzI1NiJ9.eyJzdWIiOiIyMiIsImV4cCI6MTY4MTkxMzEyNn0.wGNnPnwrK2Yy5pftc9LdPquEd8RPwzb_x8D7U_N49Oo_1.jpeg', 1);
INSERT INTO `imgproduct` VALUES (209, 97, '/Img/Product/posteyJhbGciOiJIUzI1NiJ9.eyJzdWIiOiIyMiIsImV4cCI6MTY4MTkxMzEyNn0.wGNnPnwrK2Yy5pftc9LdPquEd8RPwzb_x8D7U_N49Oo_2.jpeg', 1);
INSERT INTO `imgproduct` VALUES (210, 97, '/Img/Product/posteyJhbGciOiJIUzI1NiJ9.eyJzdWIiOiIyMiIsImV4cCI6MTY4MTkxMzEyNn0.wGNnPnwrK2Yy5pftc9LdPquEd8RPwzb_x8D7U_N49Oo_3.jpeg', 1);
INSERT INTO `imgproduct` VALUES (211, 98, '/Img/Product/posteyJhbGciOiJIUzI1NiJ9.eyJzdWIiOiIyMiIsImV4cCI6MTY4MTkxMzMwNn0.gp_Hi1jJp-H93dwCUZdyIzU46pqIrC3Q11lr_NX39bA_0.jpeg', 1);
INSERT INTO `imgproduct` VALUES (212, 98, '/Img/Product/posteyJhbGciOiJIUzI1NiJ9.eyJzdWIiOiIyMiIsImV4cCI6MTY4MTkxMzMwNn0.gp_Hi1jJp-H93dwCUZdyIzU46pqIrC3Q11lr_NX39bA_1.jpeg', 1);
INSERT INTO `imgproduct` VALUES (213, 98, '/Img/Product/posteyJhbGciOiJIUzI1NiJ9.eyJzdWIiOiIyMiIsImV4cCI6MTY4MTkxMzMwNn0.gp_Hi1jJp-H93dwCUZdyIzU46pqIrC3Q11lr_NX39bA_2.jpeg', 1);
INSERT INTO `imgproduct` VALUES (214, 98, '/Img/Product/posteyJhbGciOiJIUzI1NiJ9.eyJzdWIiOiIyMiIsImV4cCI6MTY4MTkxMzMwNn0.gp_Hi1jJp-H93dwCUZdyIzU46pqIrC3Q11lr_NX39bA_3.jpeg', 1);
INSERT INTO `imgproduct` VALUES (215, 99, '/Img/Product/posteyJhbGciOiJIUzI1NiJ9.eyJzdWIiOiIyMiIsImV4cCI6MTY4MTkxMzQ1NH0.NM_0d_dxPGHgG1sTXZg1GfXlVW7hZZVBXq6omrHZWkw_0.jpeg', 1);
INSERT INTO `imgproduct` VALUES (216, 99, '/Img/Product/posteyJhbGciOiJIUzI1NiJ9.eyJzdWIiOiIyMiIsImV4cCI6MTY4MTkxMzQ1NH0.NM_0d_dxPGHgG1sTXZg1GfXlVW7hZZVBXq6omrHZWkw_1.jpeg', 1);
INSERT INTO `imgproduct` VALUES (217, 99, '/Img/Product/posteyJhbGciOiJIUzI1NiJ9.eyJzdWIiOiIyMiIsImV4cCI6MTY4MTkxMzQ1NH0.NM_0d_dxPGHgG1sTXZg1GfXlVW7hZZVBXq6omrHZWkw_2.jpeg', 1);
INSERT INTO `imgproduct` VALUES (218, 99, '/Img/Product/posteyJhbGciOiJIUzI1NiJ9.eyJzdWIiOiIyMiIsImV4cCI6MTY4MTkxMzQ1NH0.NM_0d_dxPGHgG1sTXZg1GfXlVW7hZZVBXq6omrHZWkw_3.jpeg', 1);
INSERT INTO `imgproduct` VALUES (219, 100, '/Img/Product/posteyJhbGciOiJIUzI1NiJ9.eyJzdWIiOiIyMiIsImV4cCI6MTY4MTkxMzY4N30.k3GutJVr2U7fhlQJZgNCm053Um6dolqtcFWnhX-SZZY_0.jpeg', 1);
INSERT INTO `imgproduct` VALUES (220, 100, '/Img/Product/posteyJhbGciOiJIUzI1NiJ9.eyJzdWIiOiIyMiIsImV4cCI6MTY4MTkxMzY4N30.k3GutJVr2U7fhlQJZgNCm053Um6dolqtcFWnhX-SZZY_1.jpeg', 1);
INSERT INTO `imgproduct` VALUES (221, 100, '/Img/Product/posteyJhbGciOiJIUzI1NiJ9.eyJzdWIiOiIyMiIsImV4cCI6MTY4MTkxMzY4N30.k3GutJVr2U7fhlQJZgNCm053Um6dolqtcFWnhX-SZZY_2.jpeg', 1);
INSERT INTO `imgproduct` VALUES (222, 100, '/Img/Product/posteyJhbGciOiJIUzI1NiJ9.eyJzdWIiOiIyMiIsImV4cCI6MTY4MTkxMzY4N30.k3GutJVr2U7fhlQJZgNCm053Um6dolqtcFWnhX-SZZY_3.jpeg', 1);
INSERT INTO `imgproduct` VALUES (223, 101, '/Img/Product/posteyJhbGciOiJIUzI1NiJ9.eyJzdWIiOiIyMiIsImV4cCI6MTY4MTkxMzg3MX0.O-6Jw06wZFRqbyUe9vYA0RZKXHSzpqALeIb69NVmE7s_0.jpeg', 1);
INSERT INTO `imgproduct` VALUES (224, 101, '/Img/Product/posteyJhbGciOiJIUzI1NiJ9.eyJzdWIiOiIyMiIsImV4cCI6MTY4MTkxMzg3MX0.O-6Jw06wZFRqbyUe9vYA0RZKXHSzpqALeIb69NVmE7s_1.jpeg', 1);
INSERT INTO `imgproduct` VALUES (225, 101, '/Img/Product/posteyJhbGciOiJIUzI1NiJ9.eyJzdWIiOiIyMiIsImV4cCI6MTY4MTkxMzg3MX0.O-6Jw06wZFRqbyUe9vYA0RZKXHSzpqALeIb69NVmE7s_2.jpeg', 1);
INSERT INTO `imgproduct` VALUES (226, 101, '/Img/Product/posteyJhbGciOiJIUzI1NiJ9.eyJzdWIiOiIyMiIsImV4cCI6MTY4MTkxMzg3MX0.O-6Jw06wZFRqbyUe9vYA0RZKXHSzpqALeIb69NVmE7s_3.jpeg', 1);
INSERT INTO `imgproduct` VALUES (227, 102, '/Img/Product/posteyJhbGciOiJIUzI1NiJ9.eyJzdWIiOiIyMiIsImV4cCI6MTY4MTkxNDExM30.A6Jj-2KThMhShfO09au6lDZ8mf7wkWYGoa3NqMQ7d7g_0.jpeg', 1);
INSERT INTO `imgproduct` VALUES (228, 102, '/Img/Product/posteyJhbGciOiJIUzI1NiJ9.eyJzdWIiOiIyMiIsImV4cCI6MTY4MTkxNDExM30.A6Jj-2KThMhShfO09au6lDZ8mf7wkWYGoa3NqMQ7d7g_1.jpeg', 1);
INSERT INTO `imgproduct` VALUES (229, 102, '/Img/Product/posteyJhbGciOiJIUzI1NiJ9.eyJzdWIiOiIyMiIsImV4cCI6MTY4MTkxNDExM30.A6Jj-2KThMhShfO09au6lDZ8mf7wkWYGoa3NqMQ7d7g_2.jpeg', 1);
INSERT INTO `imgproduct` VALUES (230, 102, '/Img/Product/posteyJhbGciOiJIUzI1NiJ9.eyJzdWIiOiIyMiIsImV4cCI6MTY4MTkxNDExM30.A6Jj-2KThMhShfO09au6lDZ8mf7wkWYGoa3NqMQ7d7g_3.jpeg', 1);
INSERT INTO `imgproduct` VALUES (231, 103, '/Img/Product/posteyJhbGciOiJIUzI1NiJ9.eyJzdWIiOiIyMiIsImV4cCI6MTY4MTkxNDMxM30.wjDdNQP0TjHe0HgkDrDCIAo9rsm4FbPqo1GKirPaivo_0.jpeg', 1);
INSERT INTO `imgproduct` VALUES (232, 103, '/Img/Product/posteyJhbGciOiJIUzI1NiJ9.eyJzdWIiOiIyMiIsImV4cCI6MTY4MTkxNDMxM30.wjDdNQP0TjHe0HgkDrDCIAo9rsm4FbPqo1GKirPaivo_1.jpeg', 1);
INSERT INTO `imgproduct` VALUES (233, 103, '/Img/Product/posteyJhbGciOiJIUzI1NiJ9.eyJzdWIiOiIyMiIsImV4cCI6MTY4MTkxNDMxM30.wjDdNQP0TjHe0HgkDrDCIAo9rsm4FbPqo1GKirPaivo_2.jpeg', 1);
INSERT INTO `imgproduct` VALUES (234, 103, '/Img/Product/posteyJhbGciOiJIUzI1NiJ9.eyJzdWIiOiIyMiIsImV4cCI6MTY4MTkxNDMxM30.wjDdNQP0TjHe0HgkDrDCIAo9rsm4FbPqo1GKirPaivo_3.jpeg', 1);
INSERT INTO `imgproduct` VALUES (235, 104, '/Img/Product/posteyJhbGciOiJIUzI1NiJ9.eyJzdWIiOiIyMiIsImV4cCI6MTY4MTkxNDY4Nn0.9652-NokiIDrrIP54qN03ZC3XMvePuKPYLLKDNVKt_o_0.jpeg', 1);
INSERT INTO `imgproduct` VALUES (236, 104, '/Img/Product/posteyJhbGciOiJIUzI1NiJ9.eyJzdWIiOiIyMiIsImV4cCI6MTY4MTkxNDY4Nn0.9652-NokiIDrrIP54qN03ZC3XMvePuKPYLLKDNVKt_o_1.jpeg', 1);
INSERT INTO `imgproduct` VALUES (237, 104, '/Img/Product/posteyJhbGciOiJIUzI1NiJ9.eyJzdWIiOiIyMiIsImV4cCI6MTY4MTkxNDY4Nn0.9652-NokiIDrrIP54qN03ZC3XMvePuKPYLLKDNVKt_o_2.jpeg', 1);
INSERT INTO `imgproduct` VALUES (238, 104, '/Img/Product/posteyJhbGciOiJIUzI1NiJ9.eyJzdWIiOiIyMiIsImV4cCI6MTY4MTkxNDY4Nn0.9652-NokiIDrrIP54qN03ZC3XMvePuKPYLLKDNVKt_o_3.jpeg', 1);
INSERT INTO `imgproduct` VALUES (239, 105, '/Img/Product/posteyJhbGciOiJIUzI1NiJ9.eyJzdWIiOiIyMiIsImV4cCI6MTY4MTkxNDg2MH0.FCNCOn4yJSuPcg099VJya7K--LbfLw_kPcA2M7JwnhA_0.jpeg', 1);
INSERT INTO `imgproduct` VALUES (240, 105, '/Img/Product/posteyJhbGciOiJIUzI1NiJ9.eyJzdWIiOiIyMiIsImV4cCI6MTY4MTkxNDg2MH0.FCNCOn4yJSuPcg099VJya7K--LbfLw_kPcA2M7JwnhA_1.jpeg', 1);
INSERT INTO `imgproduct` VALUES (241, 105, '/Img/Product/posteyJhbGciOiJIUzI1NiJ9.eyJzdWIiOiIyMiIsImV4cCI6MTY4MTkxNDg2MH0.FCNCOn4yJSuPcg099VJya7K--LbfLw_kPcA2M7JwnhA_2.jpeg', 1);
INSERT INTO `imgproduct` VALUES (242, 105, '/Img/Product/posteyJhbGciOiJIUzI1NiJ9.eyJzdWIiOiIyMiIsImV4cCI6MTY4MTkxNDg2MH0.FCNCOn4yJSuPcg099VJya7K--LbfLw_kPcA2M7JwnhA_3.jpeg', 1);
INSERT INTO `imgproduct` VALUES (243, 106, '/Img/Product/posteyJhbGciOiJIUzI1NiJ9.eyJzdWIiOiIyMiIsImV4cCI6MTY4MTkxNTAwM30.b9HFWJz8t_MzIKoMhruOWmeDWk4cXvZZIqx9CPmkP8g_0.jpeg', 1);
INSERT INTO `imgproduct` VALUES (244, 106, '/Img/Product/posteyJhbGciOiJIUzI1NiJ9.eyJzdWIiOiIyMiIsImV4cCI6MTY4MTkxNTAwM30.b9HFWJz8t_MzIKoMhruOWmeDWk4cXvZZIqx9CPmkP8g_1.jpeg', 1);
INSERT INTO `imgproduct` VALUES (245, 106, '/Img/Product/posteyJhbGciOiJIUzI1NiJ9.eyJzdWIiOiIyMiIsImV4cCI6MTY4MTkxNTAwM30.b9HFWJz8t_MzIKoMhruOWmeDWk4cXvZZIqx9CPmkP8g_2.jpeg', 1);
INSERT INTO `imgproduct` VALUES (246, 106, '/Img/Product/posteyJhbGciOiJIUzI1NiJ9.eyJzdWIiOiIyMiIsImV4cCI6MTY4MTkxNTAwM30.b9HFWJz8t_MzIKoMhruOWmeDWk4cXvZZIqx9CPmkP8g_3.jpeg', 1);
INSERT INTO `imgproduct` VALUES (247, 107, '/Img/Product/posteyJhbGciOiJIUzI1NiJ9.eyJzdWIiOiIyMiIsImV4cCI6MTY4MTkxNTQwNH0._rgpBGq0lgNBXSnOXi1mzhTcGi7-PdOYkTpnqA5NA04_0.jpeg', 1);
INSERT INTO `imgproduct` VALUES (248, 107, '/Img/Product/posteyJhbGciOiJIUzI1NiJ9.eyJzdWIiOiIyMiIsImV4cCI6MTY4MTkxNTQwNH0._rgpBGq0lgNBXSnOXi1mzhTcGi7-PdOYkTpnqA5NA04_1.jpeg', 1);
INSERT INTO `imgproduct` VALUES (249, 107, '/Img/Product/posteyJhbGciOiJIUzI1NiJ9.eyJzdWIiOiIyMiIsImV4cCI6MTY4MTkxNTQwNH0._rgpBGq0lgNBXSnOXi1mzhTcGi7-PdOYkTpnqA5NA04_2.jpeg', 1);
INSERT INTO `imgproduct` VALUES (250, 107, '/Img/Product/posteyJhbGciOiJIUzI1NiJ9.eyJzdWIiOiIyMiIsImV4cCI6MTY4MTkxNTQwNH0._rgpBGq0lgNBXSnOXi1mzhTcGi7-PdOYkTpnqA5NA04_3.jpeg', 1);
INSERT INTO `imgproduct` VALUES (251, 108, '/Img/Product/posteyJhbGciOiJIUzI1NiJ9.eyJzdWIiOiIyMiIsImV4cCI6MTY4MTkxNTUwNX0.0ITWZvwnG9p3EXiTgoWRKCf82wHWbeWvP4SC_ORor9M_0.jpeg', 1);
INSERT INTO `imgproduct` VALUES (252, 108, '/Img/Product/posteyJhbGciOiJIUzI1NiJ9.eyJzdWIiOiIyMiIsImV4cCI6MTY4MTkxNTUwNX0.0ITWZvwnG9p3EXiTgoWRKCf82wHWbeWvP4SC_ORor9M_1.jpeg', 1);
INSERT INTO `imgproduct` VALUES (253, 108, '/Img/Product/posteyJhbGciOiJIUzI1NiJ9.eyJzdWIiOiIyMiIsImV4cCI6MTY4MTkxNTUwNX0.0ITWZvwnG9p3EXiTgoWRKCf82wHWbeWvP4SC_ORor9M_2.jpeg', 1);
INSERT INTO `imgproduct` VALUES (254, 108, '/Img/Product/posteyJhbGciOiJIUzI1NiJ9.eyJzdWIiOiIyMiIsImV4cCI6MTY4MTkxNTUwNX0.0ITWZvwnG9p3EXiTgoWRKCf82wHWbeWvP4SC_ORor9M_3.jpeg', 1);
INSERT INTO `imgproduct` VALUES (255, 109, '/Img/Product/posteyJhbGciOiJIUzI1NiJ9.eyJzdWIiOiIyMiIsImV4cCI6MTY4MTkxNjI2OX0.QcNVn2xnM5FfaB2nFrwDmjIaCjCWQ2e7X5m0qPumDTg_0.jpeg', 1);
INSERT INTO `imgproduct` VALUES (256, 109, '/Img/Product/posteyJhbGciOiJIUzI1NiJ9.eyJzdWIiOiIyMiIsImV4cCI6MTY4MTkxNjI2OX0.QcNVn2xnM5FfaB2nFrwDmjIaCjCWQ2e7X5m0qPumDTg_1.jpeg', 1);
INSERT INTO `imgproduct` VALUES (257, 109, '/Img/Product/posteyJhbGciOiJIUzI1NiJ9.eyJzdWIiOiIyMiIsImV4cCI6MTY4MTkxNjI2OX0.QcNVn2xnM5FfaB2nFrwDmjIaCjCWQ2e7X5m0qPumDTg_2.jpeg', 1);
INSERT INTO `imgproduct` VALUES (258, 109, '/Img/Product/posteyJhbGciOiJIUzI1NiJ9.eyJzdWIiOiIyMiIsImV4cCI6MTY4MTkxNjI2OX0.QcNVn2xnM5FfaB2nFrwDmjIaCjCWQ2e7X5m0qPumDTg_3.jpeg', 1);
INSERT INTO `imgproduct` VALUES (259, 110, '/Img/Product/posteyJhbGciOiJIUzI1NiJ9.eyJzdWIiOiIyMiIsImV4cCI6MTY4MTkxNjg2Nn0.7ZoQ-AWdkWViIi97-G6CyMTVg_8FYeD_ZdU98CRr8Rk_0.jpeg', 1);
INSERT INTO `imgproduct` VALUES (260, 110, '/Img/Product/posteyJhbGciOiJIUzI1NiJ9.eyJzdWIiOiIyMiIsImV4cCI6MTY4MTkxNjg2Nn0.7ZoQ-AWdkWViIi97-G6CyMTVg_8FYeD_ZdU98CRr8Rk_1.jpeg', 1);
INSERT INTO `imgproduct` VALUES (261, 110, '/Img/Product/posteyJhbGciOiJIUzI1NiJ9.eyJzdWIiOiIyMiIsImV4cCI6MTY4MTkxNjg2Nn0.7ZoQ-AWdkWViIi97-G6CyMTVg_8FYeD_ZdU98CRr8Rk_2.jpeg', 1);
INSERT INTO `imgproduct` VALUES (262, 110, '/Img/Product/posteyJhbGciOiJIUzI1NiJ9.eyJzdWIiOiIyMiIsImV4cCI6MTY4MTkxNjg2Nn0.7ZoQ-AWdkWViIi97-G6CyMTVg_8FYeD_ZdU98CRr8Rk_3.jpeg', 1);
INSERT INTO `imgproduct` VALUES (263, 111, '/Img/Product/posteyJhbGciOiJIUzI1NiJ9.eyJzdWIiOiIyMiIsImV4cCI6MTY4MTkxNzAwM30.vTXrVE7aXZFIg8j8OQwZKC_TFXZh0VMa4lX6CBAXxtI_0.jpeg', 1);
INSERT INTO `imgproduct` VALUES (264, 111, '/Img/Product/posteyJhbGciOiJIUzI1NiJ9.eyJzdWIiOiIyMiIsImV4cCI6MTY4MTkxNzAwM30.vTXrVE7aXZFIg8j8OQwZKC_TFXZh0VMa4lX6CBAXxtI_1.jpeg', 1);
INSERT INTO `imgproduct` VALUES (265, 111, '/Img/Product/posteyJhbGciOiJIUzI1NiJ9.eyJzdWIiOiIyMiIsImV4cCI6MTY4MTkxNzAwM30.vTXrVE7aXZFIg8j8OQwZKC_TFXZh0VMa4lX6CBAXxtI_2.jpeg', 1);
INSERT INTO `imgproduct` VALUES (266, 111, '/Img/Product/posteyJhbGciOiJIUzI1NiJ9.eyJzdWIiOiIyMiIsImV4cCI6MTY4MTkxNzAwM30.vTXrVE7aXZFIg8j8OQwZKC_TFXZh0VMa4lX6CBAXxtI_3.jpeg', 1);
INSERT INTO `imgproduct` VALUES (267, 112, '/Img/Product/posteyJhbGciOiJIUzI1NiJ9.eyJzdWIiOiIyMiIsImV4cCI6MTY4MTkxNzI3Mn0.QWZmPzOAqOFBYBvd6-sqke1SnkIoIMcJRewfpW-WYFQ_0.jpeg', 1);
INSERT INTO `imgproduct` VALUES (268, 112, '/Img/Product/posteyJhbGciOiJIUzI1NiJ9.eyJzdWIiOiIyMiIsImV4cCI6MTY4MTkxNzI3Mn0.QWZmPzOAqOFBYBvd6-sqke1SnkIoIMcJRewfpW-WYFQ_1.jpeg', 1);
INSERT INTO `imgproduct` VALUES (269, 112, '/Img/Product/posteyJhbGciOiJIUzI1NiJ9.eyJzdWIiOiIyMiIsImV4cCI6MTY4MTkxNzI3Mn0.QWZmPzOAqOFBYBvd6-sqke1SnkIoIMcJRewfpW-WYFQ_2.jpeg', 1);
INSERT INTO `imgproduct` VALUES (270, 112, '/Img/Product/posteyJhbGciOiJIUzI1NiJ9.eyJzdWIiOiIyMiIsImV4cCI6MTY4MTkxNzI3Mn0.QWZmPzOAqOFBYBvd6-sqke1SnkIoIMcJRewfpW-WYFQ_3.jpeg', 1);
INSERT INTO `imgproduct` VALUES (272, 114, '/Img/Product/posteyJhbGciOiJIUzI1NiJ9.eyJzdWIiOiIyMiIsImV4cCI6MTY4MTkxNzY1OX0.0akEXVivy9N_nRS56D2_MhuL3YPE2Ckst1kyIvHD7CE_0.jpeg', 1);
INSERT INTO `imgproduct` VALUES (273, 114, '/Img/Product/posteyJhbGciOiJIUzI1NiJ9.eyJzdWIiOiIyMiIsImV4cCI6MTY4MTkxNzY1OX0.0akEXVivy9N_nRS56D2_MhuL3YPE2Ckst1kyIvHD7CE_1.jpeg', 1);
INSERT INTO `imgproduct` VALUES (274, 114, '/Img/Product/posteyJhbGciOiJIUzI1NiJ9.eyJzdWIiOiIyMiIsImV4cCI6MTY4MTkxNzY1OX0.0akEXVivy9N_nRS56D2_MhuL3YPE2Ckst1kyIvHD7CE_2.jpeg', 1);
INSERT INTO `imgproduct` VALUES (275, 114, '/Img/Product/posteyJhbGciOiJIUzI1NiJ9.eyJzdWIiOiIyMiIsImV4cCI6MTY4MTkxNzY1OX0.0akEXVivy9N_nRS56D2_MhuL3YPE2Ckst1kyIvHD7CE_3.jpeg', 1);
INSERT INTO `imgproduct` VALUES (276, 115, '/Img/Product/posteyJhbGciOiJIUzI1NiJ9.eyJzdWIiOiIyMiIsImV4cCI6MTY4MTkxNzc3Mn0.3QTDIhnol5yuSutNJID6NHbis4vAnaPY0yznCt7eypc_0.jpeg', 1);
INSERT INTO `imgproduct` VALUES (277, 115, '/Img/Product/posteyJhbGciOiJIUzI1NiJ9.eyJzdWIiOiIyMiIsImV4cCI6MTY4MTkxNzc3Mn0.3QTDIhnol5yuSutNJID6NHbis4vAnaPY0yznCt7eypc_1.jpeg', 1);
INSERT INTO `imgproduct` VALUES (278, 115, '/Img/Product/posteyJhbGciOiJIUzI1NiJ9.eyJzdWIiOiIyMiIsImV4cCI6MTY4MTkxNzc3Mn0.3QTDIhnol5yuSutNJID6NHbis4vAnaPY0yznCt7eypc_2.jpeg', 1);
INSERT INTO `imgproduct` VALUES (279, 115, '/Img/Product/posteyJhbGciOiJIUzI1NiJ9.eyJzdWIiOiIyMiIsImV4cCI6MTY4MTkxNzc3Mn0.3QTDIhnol5yuSutNJID6NHbis4vAnaPY0yznCt7eypc_3.jpeg', 1);
INSERT INTO `imgproduct` VALUES (280, 116, '/Img/Product/posteyJhbGciOiJIUzI1NiJ9.eyJzdWIiOiIyMiIsImV4cCI6MTY4MTkyNzc0NH0.XIkxrEjkDDyuq2Q6WsMw2X77deD1Fwpf7vQqMDNuB5g_0.jpeg', 1);
INSERT INTO `imgproduct` VALUES (281, 116, '/Img/Product/posteyJhbGciOiJIUzI1NiJ9.eyJzdWIiOiIyMiIsImV4cCI6MTY4MTkyNzc0NH0.XIkxrEjkDDyuq2Q6WsMw2X77deD1Fwpf7vQqMDNuB5g_1.jpeg', 1);
INSERT INTO `imgproduct` VALUES (282, 116, '/Img/Product/posteyJhbGciOiJIUzI1NiJ9.eyJzdWIiOiIyMiIsImV4cCI6MTY4MTkyNzc0NH0.XIkxrEjkDDyuq2Q6WsMw2X77deD1Fwpf7vQqMDNuB5g_2.jpeg', 1);
INSERT INTO `imgproduct` VALUES (283, 116, '/Img/Product/posteyJhbGciOiJIUzI1NiJ9.eyJzdWIiOiIyMiIsImV4cCI6MTY4MTkyNzc0NH0.XIkxrEjkDDyuq2Q6WsMw2X77deD1Fwpf7vQqMDNuB5g_3.jpeg', 1);
INSERT INTO `imgproduct` VALUES (284, 117, '/Img/Product/posteyJhbGciOiJIUzI1NiJ9.eyJzdWIiOiIyMiIsImV4cCI6MTY4MTkyNzk1Nn0.I77AiAa2EqEpktbYeV4pMVInd6aa9vP1nXxeSuPQ_Xc_0.jpeg', 1);
INSERT INTO `imgproduct` VALUES (285, 117, '/Img/Product/posteyJhbGciOiJIUzI1NiJ9.eyJzdWIiOiIyMiIsImV4cCI6MTY4MTkyNzk1Nn0.I77AiAa2EqEpktbYeV4pMVInd6aa9vP1nXxeSuPQ_Xc_1.jpeg', 1);
INSERT INTO `imgproduct` VALUES (286, 117, '/Img/Product/posteyJhbGciOiJIUzI1NiJ9.eyJzdWIiOiIyMiIsImV4cCI6MTY4MTkyNzk1Nn0.I77AiAa2EqEpktbYeV4pMVInd6aa9vP1nXxeSuPQ_Xc_2.jpeg', 1);
INSERT INTO `imgproduct` VALUES (287, 117, '/Img/Product/posteyJhbGciOiJIUzI1NiJ9.eyJzdWIiOiIyMiIsImV4cCI6MTY4MTkyNzk1Nn0.I77AiAa2EqEpktbYeV4pMVInd6aa9vP1nXxeSuPQ_Xc_3.jpeg', 1);
INSERT INTO `imgproduct` VALUES (288, 118, '/Img/Product/posteyJhbGciOiJIUzI1NiJ9.eyJzdWIiOiIyMiIsImV4cCI6MTY4MTkyODEyN30.pO5q9YGmqwh5A13j-uUwl3qzw04a0KD4F7Sf3Yhlz8A_0.jpeg', 1);
INSERT INTO `imgproduct` VALUES (289, 118, '/Img/Product/posteyJhbGciOiJIUzI1NiJ9.eyJzdWIiOiIyMiIsImV4cCI6MTY4MTkyODEyN30.pO5q9YGmqwh5A13j-uUwl3qzw04a0KD4F7Sf3Yhlz8A_1.jpeg', 1);
INSERT INTO `imgproduct` VALUES (290, 118, '/Img/Product/posteyJhbGciOiJIUzI1NiJ9.eyJzdWIiOiIyMiIsImV4cCI6MTY4MTkyODEyN30.pO5q9YGmqwh5A13j-uUwl3qzw04a0KD4F7Sf3Yhlz8A_2.jpeg', 1);
INSERT INTO `imgproduct` VALUES (291, 118, '/Img/Product/posteyJhbGciOiJIUzI1NiJ9.eyJzdWIiOiIyMiIsImV4cCI6MTY4MTkyODEyN30.pO5q9YGmqwh5A13j-uUwl3qzw04a0KD4F7Sf3Yhlz8A_3.jpeg', 1);

-- ----------------------------
-- Table structure for importproduct
-- ----------------------------
DROP TABLE IF EXISTS `importproduct`;
CREATE TABLE `importproduct`  (
  `id` int NOT NULL AUTO_INCREMENT,
  `idUser` int NOT NULL,
  `idProduct` int NOT NULL,
  `quantity` int NOT NULL,
  `createAt` timestamp NOT NULL DEFAULT CURRENT_TIMESTAMP,
  `status` int NOT NULL,
  PRIMARY KEY (`id`) USING BTREE,
  INDEX `FK_importpProduct`(`idProduct` ASC) USING BTREE,
  INDEX `FK_importpUser`(`idUser` ASC) USING BTREE,
  INDEX `index_id`(`idProduct` ASC) USING BTREE,
  CONSTRAINT `pp` FOREIGN KEY (`idProduct`) REFERENCES `product` (`id`) ON DELETE RESTRICT ON UPDATE RESTRICT
) ENGINE = InnoDB AUTO_INCREMENT = 77 CHARACTER SET = utf8mb4 COLLATE = utf8mb4_general_ci ROW_FORMAT = DYNAMIC;

-- ----------------------------
-- Records of importproduct
-- ----------------------------
INSERT INTO `importproduct` VALUES (15, 21, 57, 15, '2023-04-19 01:43:52', 1);
INSERT INTO `importproduct` VALUES (16, 21, 58, 20, '2023-04-19 01:52:49', 1);
INSERT INTO `importproduct` VALUES (18, 21, 60, 12, '2023-04-19 01:56:30', 1);
INSERT INTO `importproduct` VALUES (19, 21, 61, 12, '2023-04-19 02:02:45', 1);
INSERT INTO `importproduct` VALUES (20, 21, 62, 16, '2023-04-19 02:06:10', 1);
INSERT INTO `importproduct` VALUES (21, 21, 63, 10, '2023-04-19 02:08:50', 1);
INSERT INTO `importproduct` VALUES (22, 21, 64, 18, '2023-04-19 02:12:12', 1);
INSERT INTO `importproduct` VALUES (23, 21, 65, 10, '2023-04-19 02:15:36', 1);
INSERT INTO `importproduct` VALUES (24, 21, 66, 10, '2023-04-19 02:17:46', 1);
INSERT INTO `importproduct` VALUES (25, 21, 67, 10, '2023-04-19 02:22:17', 1);
INSERT INTO `importproduct` VALUES (26, 21, 68, 14, '2023-04-19 02:25:57', 1);
INSERT INTO `importproduct` VALUES (28, 21, 70, 10, '2023-04-19 02:35:30', 1);
INSERT INTO `importproduct` VALUES (29, 21, 71, 10, '2023-04-19 02:38:32', 1);
INSERT INTO `importproduct` VALUES (30, 21, 72, 12, '2023-04-19 02:41:06', 1);
INSERT INTO `importproduct` VALUES (31, 21, 73, 16, '2023-04-19 02:44:33', 1);
INSERT INTO `importproduct` VALUES (32, 21, 74, 10, '2023-04-19 02:48:03', 1);
INSERT INTO `importproduct` VALUES (33, 21, 75, 12, '2023-04-19 02:55:04', 1);
INSERT INTO `importproduct` VALUES (34, 22, 76, 20, '2023-04-19 02:59:27', 1);
INSERT INTO `importproduct` VALUES (35, 22, 77, 12, '2023-04-19 03:01:49', 1);
INSERT INTO `importproduct` VALUES (36, 22, 78, 15, '2023-04-19 03:04:18', 1);
INSERT INTO `importproduct` VALUES (37, 22, 79, 10, '2023-04-19 03:06:49', 1);
INSERT INTO `importproduct` VALUES (38, 22, 80, 15, '2023-04-19 03:10:23', 1);
INSERT INTO `importproduct` VALUES (39, 22, 81, 18, '2023-04-19 03:12:47', 1);
INSERT INTO `importproduct` VALUES (40, 22, 82, 17, '2023-04-19 03:15:42', 1);
INSERT INTO `importproduct` VALUES (41, 22, 83, 12, '2023-04-19 03:21:08', 1);
INSERT INTO `importproduct` VALUES (42, 22, 84, 10, '2023-04-19 03:24:16', 1);
INSERT INTO `importproduct` VALUES (43, 22, 85, 10, '2023-04-19 03:33:42', 1);
INSERT INTO `importproduct` VALUES (44, 22, 86, 12, '2023-04-19 03:41:21', 1);
INSERT INTO `importproduct` VALUES (45, 22, 87, 15, '2023-04-19 03:44:20', 1);
INSERT INTO `importproduct` VALUES (46, 22, 88, 20, '2023-04-19 03:46:35', 1);
INSERT INTO `importproduct` VALUES (47, 22, 89, 10, '2023-04-19 03:49:27', 1);
INSERT INTO `importproduct` VALUES (48, 22, 90, 12, '2023-04-19 03:51:16', 1);
INSERT INTO `importproduct` VALUES (49, 22, 91, 18, '2023-04-19 03:53:57', 1);
INSERT INTO `importproduct` VALUES (50, 22, 92, 10, '2023-04-19 03:57:33', 1);
INSERT INTO `importproduct` VALUES (51, 22, 93, 18, '2023-04-19 14:46:58', 1);
INSERT INTO `importproduct` VALUES (52, 22, 94, 10, '2023-04-19 14:50:07', 1);
INSERT INTO `importproduct` VALUES (53, 22, 95, 12, '2023-04-19 14:54:25', 1);
INSERT INTO `importproduct` VALUES (54, 22, 96, 20, '2023-04-19 14:56:59', 1);
INSERT INTO `importproduct` VALUES (55, 22, 97, 15, '2023-04-19 15:00:26', 1);
INSERT INTO `importproduct` VALUES (56, 22, 98, 20, '2023-04-19 15:03:26', 1);
INSERT INTO `importproduct` VALUES (57, 22, 99, 16, '2023-04-19 15:05:54', 1);
INSERT INTO `importproduct` VALUES (58, 22, 100, 18, '2023-04-19 15:09:47', 1);
INSERT INTO `importproduct` VALUES (59, 22, 101, 12, '2023-04-19 15:12:51', 1);
INSERT INTO `importproduct` VALUES (60, 22, 102, 14, '2023-04-19 15:16:53', 1);
INSERT INTO `importproduct` VALUES (61, 22, 103, 15, '2023-04-19 15:20:13', 1);
INSERT INTO `importproduct` VALUES (62, 22, 104, 14, '2023-04-19 15:26:26', 1);
INSERT INTO `importproduct` VALUES (63, 22, 105, 12, '2023-04-19 15:29:20', 1);
INSERT INTO `importproduct` VALUES (64, 22, 106, 18, '2023-04-19 15:31:43', 1);
INSERT INTO `importproduct` VALUES (65, 22, 107, 12, '2023-04-19 15:38:24', 1);
INSERT INTO `importproduct` VALUES (66, 22, 108, 15, '2023-04-19 15:40:05', 1);
INSERT INTO `importproduct` VALUES (67, 22, 109, 20, '2023-04-19 15:52:49', 1);
INSERT INTO `importproduct` VALUES (68, 22, 110, 15, '2023-04-19 16:02:47', 1);
INSERT INTO `importproduct` VALUES (69, 22, 111, 12, '2023-04-19 16:05:03', 1);
INSERT INTO `importproduct` VALUES (70, 22, 112, 15, '2023-04-19 16:09:32', 1);
INSERT INTO `importproduct` VALUES (72, 22, 114, 20, '2023-04-19 16:15:59', 1);
INSERT INTO `importproduct` VALUES (73, 22, 115, 15, '2023-04-19 16:17:52', 1);
INSERT INTO `importproduct` VALUES (74, 22, 116, 15, '2023-04-19 19:04:04', 1);
INSERT INTO `importproduct` VALUES (75, 22, 117, 20, '2023-04-19 19:07:36', 1);
INSERT INTO `importproduct` VALUES (76, 22, 118, 16, '2023-04-19 19:10:27', 1);

-- ----------------------------
-- Table structure for log
-- ----------------------------
DROP TABLE IF EXISTS `log`;
CREATE TABLE `log`  (
  `id` int NOT NULL AUTO_INCREMENT,
  `level` int NOT NULL,
  `idUser` int NOT NULL,
  `src` varchar(255) CHARACTER SET utf8mb4 COLLATE utf8mb4_general_ci NOT NULL,
  `content` varchar(255) CHARACTER SET utf8mb4 COLLATE utf8mb4_general_ci NOT NULL,
  `createAt` timestamp NOT NULL DEFAULT CURRENT_TIMESTAMP,
  `status` int NOT NULL,
  PRIMARY KEY (`id`) USING BTREE,
  INDEX `FK_logUser`(`idUser` ASC) USING BTREE,
  CONSTRAINT `ll` FOREIGN KEY (`idUser`) REFERENCES `user` (`id`) ON DELETE RESTRICT ON UPDATE RESTRICT
) ENGINE = InnoDB AUTO_INCREMENT = 71 CHARACTER SET = utf8mb4 COLLATE = utf8mb4_general_ci ROW_FORMAT = DYNAMIC;

-- ----------------------------
-- Records of log
-- ----------------------------
INSERT INTO `log` VALUES (1, 0, 1, 'Controller.Admin', 'Truy cp vo trang Index(Admin)', '2023-06-13 14:45:44', 1);
INSERT INTO `log` VALUES (2, 0, 1, 'Controller.Admin', 'Truy cp vo trang Post_Product(Admin)', '2023-06-13 14:47:09', 1);
INSERT INTO `log` VALUES (3, 0, 1, 'Controller.Admin', 'Truy cp vo trang Statistic_Log(Admin)', '2023-06-13 14:47:23', 1);
INSERT INTO `log` VALUES (4, 0, 1, 'Controller.Admin', 'Truy cp vo trang Statistic_Log(Admin)', '2023-06-13 14:47:39', 1);
INSERT INTO `log` VALUES (5, 0, 1, 'Controller.Admin', 'Truy cp vo trang Statistic_Log(Admin)', '2023-06-13 14:47:39', 1);
INSERT INTO `log` VALUES (6, 0, 1, 'Controller.Admin', 'Truy cp vo trang Statistic_Log(Admin)', '2023-06-13 14:47:44', 1);
INSERT INTO `log` VALUES (7, 0, 1, 'Controller.Admin', 'Truy cp vo trang Manager_User(Admin)', '2023-06-13 14:48:04', 1);
INSERT INTO `log` VALUES (8, 0, 1, 'Controller.Admin', 'Truy cp vo trang Statistic_User(Admin)', '2023-06-13 14:48:10', 1);
INSERT INTO `log` VALUES (9, 0, 1, 'Controller.Admin', 'Truy cp vo trang Manager_Product(Admin)', '2023-06-13 14:48:11', 1);
INSERT INTO `log` VALUES (10, 0, 1, 'Controller.Admin', 'Truy cp vo trang Manager_Order(Admin)', '2023-06-13 14:48:15', 1);
INSERT INTO `log` VALUES (11, 0, 1, 'Controller.Admin', 'Truy cp vo trang Statistic_Log(Admin)', '2023-06-13 14:48:21', 1);
INSERT INTO `log` VALUES (12, 0, 1, 'Controller.Admin', 'Truy cp vo trang Index(Admin)', '2023-06-13 14:49:35', 1);
INSERT INTO `log` VALUES (13, 0, 1, 'Controller.Admin', 'Truy cp vo trang Statistic_Log(Admin)', '2023-06-13 14:49:38', 1);
INSERT INTO `log` VALUES (14, 0, 1, 'Controller.Admin', 'Truy cp vo trang Statistic_Log(Admin)', '2023-06-13 14:49:59', 1);
INSERT INTO `log` VALUES (15, 0, 1, 'Controller.Admin', 'Truy cp vo trang Statistic_Log(Admin)', '2023-06-13 14:50:03', 1);
INSERT INTO `log` VALUES (16, 0, 1, 'Controller.Admin', 'Truy cp vo trang Manager_Order(Admin)', '2023-06-13 14:50:03', 1);
INSERT INTO `log` VALUES (17, 0, 1, 'Controller.Admin', 'Truy cp vo trang Statistic_Log(Admin)', '2023-06-13 14:52:09', 1);
INSERT INTO `log` VALUES (18, 0, 1, 'Controller.Admin', 'Truy cp vo trang Index(Admin)', '2023-06-13 14:53:42', 1);
INSERT INTO `log` VALUES (19, 0, 1, 'Controller.Admin', 'Truy cp vo trang Index(Admin)', '2023-06-13 14:54:23', 1);
INSERT INTO `log` VALUES (20, 0, 1, 'Controller.CartControl', 'Truy cp vo trang cart', '2023-06-13 14:54:29', 1);
INSERT INTO `log` VALUES (22, 1, 1, 'Controller.CartControl', 'Thm sn phm vo gi hng(Cart)', '2023-06-13 14:54:34', 1);
INSERT INTO `log` VALUES (23, 1, 1, 'Controller.CartControl', 'Thm sn phm vo gi hng(Cart)', '2023-06-13 14:54:35', 1);
INSERT INTO `log` VALUES (24, 1, 1, 'Controller.CartControl', 'Thm sn phm vo gi hng(Cart)', '2023-06-13 14:54:36', 1);
INSERT INTO `log` VALUES (25, 0, 1, 'Controller.CartControl', 'Truy cp vo trang cart', '2023-06-13 14:54:37', 1);
INSERT INTO `log` VALUES (27, 0, 1, 'Controller.AddressAPI', 'Select all cart by user', '2023-06-13 14:54:50', 1);
INSERT INTO `log` VALUES (28, 0, 1, 'Controller.OrderControl', 'Thanh ton trc tip(Payment)', '2023-06-13 14:54:55', 1);
INSERT INTO `log` VALUES (29, 0, 1, 'Controller.Admin', 'Truy cp vo trang Index(Admin)', '2023-06-13 14:54:58', 1);
INSERT INTO `log` VALUES (30, 0, 1, 'Controller.Admin', 'Truy cp vo trang Statistic_Order(Admin)', '2023-06-13 14:55:03', 1);
INSERT INTO `log` VALUES (31, 0, 1, 'Controller.Admin', 'Truy cp vo trang Manager_Order(Admin)', '2023-06-13 14:55:23', 1);
INSERT INTO `log` VALUES (32, 0, 1, 'Controller.Admin', 'Truy cp vo trang Manager_Product(Admin)', '2023-06-13 14:55:35', 1);
INSERT INTO `log` VALUES (33, 0, 1, 'Controller.Admin', 'Truy cp vo trang Manager_Order(Admin)', '2023-06-13 14:55:37', 1);
INSERT INTO `log` VALUES (34, 0, 1, 'Controller.Admin', 'Truy cp vo trang Index(Admin)', '2023-06-13 15:21:20', 1);
INSERT INTO `log` VALUES (35, 0, 1, 'Controller.Admin', 'Truy cp vo trang Index(Admin)', '2023-06-13 15:21:25', 1);
INSERT INTO `log` VALUES (36, 0, 1, 'Controller.Admin', 'Truy cp vo trang Index(Admin)', '2023-06-13 15:30:05', 1);
INSERT INTO `log` VALUES (37, 0, 1, 'Controller.Admin', 'Truy cp vo trang Index(Admin)', '2023-06-13 18:47:44', 1);
INSERT INTO `log` VALUES (38, 0, 1, 'Controller.Admin', 'Truy cp vo trang Index(Admin)', '2023-06-13 18:49:35', 1);
INSERT INTO `log` VALUES (39, 0, 1, 'Controller.Admin', 'Truy cp vo trang Index(Admin)', '2023-06-13 22:36:26', 1);
INSERT INTO `log` VALUES (40, 0, 1, 'Controller.Admin', 'Truy cp vo trang Index(Admin)', '2023-06-14 13:05:48', 1);
INSERT INTO `log` VALUES (41, 0, 1, 'Controller.Admin', 'Truy cp vo trang Post_Product(Admin)', '2023-06-14 13:05:51', 1);
INSERT INTO `log` VALUES (42, 0, 1, 'Controller.Admin', 'Truy cp vo trang Manager_User(Admin)', '2023-06-14 13:05:52', 1);
INSERT INTO `log` VALUES (43, 0, 1, 'Controller.Admin', 'Truy cp vo trang Statistic_User(Admin)', '2023-06-14 13:05:53', 1);
INSERT INTO `log` VALUES (44, 0, 1, 'Controller.Admin', 'Truy cp vo trang Manager_Order(Admin)', '2023-06-14 13:05:55', 1);
INSERT INTO `log` VALUES (45, 0, 1, 'Controller.Admin', 'Truy cp vo trang Index(Admin)', '2023-06-14 13:06:43', 1);
INSERT INTO `log` VALUES (46, 1, 1, 'Controller.Profile', 'Chnh sa h s user(Profile)', '2023-06-14 13:43:52', 1);
INSERT INTO `log` VALUES (47, 1, 1, 'Controller.Profile', 'Chnh sa h s user(Profile)', '2023-06-14 13:52:43', 1);
INSERT INTO `log` VALUES (48, 1, 1, 'Controller.Profile', 'Chnh sa h s user(Profile)', '2023-06-14 13:52:51', 1);
INSERT INTO `log` VALUES (49, 1, 1, 'Controller.Profile', 'Chnh sa h s user(Profile)', '2023-06-14 14:04:17', 1);
INSERT INTO `log` VALUES (50, 1, 1, 'Controller.Profile', 'Chnh sa h s user(Profile)', '2023-06-14 14:06:49', 1);
INSERT INTO `log` VALUES (51, 1, 1, 'Controller.Profile', 'Chnh sa h s user(Profile)', '2023-06-14 14:06:55', 1);
INSERT INTO `log` VALUES (52, 1, 1, 'Controller.Profile', 'Chnh sa h s user(Profile)', '2023-06-14 14:07:02', 1);
INSERT INTO `log` VALUES (53, 1, 1, 'Controller.Profile', 'Chnh sa h s user(Profile)', '2023-06-14 14:07:05', 1);
INSERT INTO `log` VALUES (54, 1, 1, 'Controller.Profile', 'Chnh sa h s user(Profile)', '2023-06-14 14:16:01', 1);
INSERT INTO `log` VALUES (55, 1, 1, 'Controller.Profile', 'Chnh sa h s user(Profile)', '2023-06-14 14:24:48', 1);
INSERT INTO `log` VALUES (56, 0, 1, 'Controller.Admin', 'Truy cp vo trang Index(Admin)', '2023-06-14 14:29:30', 1);
INSERT INTO `log` VALUES (57, 0, 1, 'Controller.Admin', 'Truy cp vo trang Manager_User(Admin)', '2023-06-14 14:29:35', 1);
INSERT INTO `log` VALUES (58, 0, 2, 'Controller.UserControl', 'Ly thng tin user(Admin)', '2023-06-14 14:29:49', 1);
INSERT INTO `log` VALUES (59, 2, 1, 'Controller.UserControl', 'Chnh sa user(Admin)', '2023-06-14 14:30:00', 1);
INSERT INTO `log` VALUES (60, 2, 1, 'Controller.UserControl', 'Chnh sa user(Admin)', '2023-06-14 14:30:18', 1);
INSERT INTO `log` VALUES (61, 0, 1, 'Controller.Admin', 'Truy cp vo trang Manager_User(Admin)', '2023-06-14 14:30:34', 1);
INSERT INTO `log` VALUES (62, 0, 1, 'Controller.UserControl', 'Ly thng tin user(Admin)', '2023-06-14 14:30:37', 1);
INSERT INTO `log` VALUES (63, 0, 2, 'Controller.UserControl', 'Ly thng tin user(Admin)', '2023-06-14 14:30:42', 1);
INSERT INTO `log` VALUES (64, 0, 1, 'Controller.UserControl', 'Ly thng tin user(Admin)', '2023-06-14 14:30:44', 1);
INSERT INTO `log` VALUES (65, 2, 1, 'Controller.UserControl', 'Chnh sa user(Admin)', '2023-06-14 14:30:48', 1);
INSERT INTO `log` VALUES (66, 0, 1, 'Controller.UserControl', 'Ly thng tin user(Admin)', '2023-06-14 14:30:53', 1);
INSERT INTO `log` VALUES (67, 0, 1, 'Controller.Admin', 'Truy cp vo trang Manager_User(Admin)', '2023-06-14 14:31:20', 1);
INSERT INTO `log` VALUES (68, 0, 1, 'Controller.Admin', 'Truy cp vo trang Manager_User(Admin)', '2023-06-14 14:31:22', 1);
INSERT INTO `log` VALUES (69, 0, 1, 'Controller.Admin', 'Truy cp vo trang Manager_User(Admin)', '2023-06-14 14:31:23', 1);
INSERT INTO `log` VALUES (70, 0, 1, 'Controller.Admin', 'Truy cp vo trang Manager_User(Admin)', '2023-06-14 14:31:25', 1);

-- ----------------------------
-- Table structure for order
-- ----------------------------
DROP TABLE IF EXISTS `order`;
CREATE TABLE `order`  (
  `id` bigint NOT NULL AUTO_INCREMENT,
  `idUser` int NOT NULL,
  `address_order` varchar(255) CHARACTER SET utf8mb4 COLLATE utf8mb4_general_ci NULL DEFAULT NULL,
  `idTransport` varchar(255) CHARACTER SET utf8mb4 COLLATE utf8mb4_general_ci NULL DEFAULT NULL,
  `createAt` timestamp NOT NULL DEFAULT CURRENT_TIMESTAMP,
  `note` varchar(255) CHARACTER SET utf8mb4 COLLATE utf8mb4_general_ci NULL DEFAULT NULL,
  `status` int NOT NULL DEFAULT 1,
  `total_price` float NOT NULL,
  `leadTime` date NULL DEFAULT NULL,
  PRIMARY KEY (`id`) USING BTREE,
  INDEX `FK_orderUser`(`idUser` ASC) USING BTREE,
  INDEX `FK_orderTransport`(`idTransport` ASC) USING BTREE,
  CONSTRAINT `pzuserp` FOREIGN KEY (`idUser`) REFERENCES `user` (`id`) ON DELETE RESTRICT ON UPDATE RESTRICT
) ENGINE = InnoDB AUTO_INCREMENT = 1686642893240 CHARACTER SET = utf8mb4 COLLATE = utf8mb4_general_ci ROW_FORMAT = DYNAMIC;

-- ----------------------------
-- Records of order
-- ----------------------------
INSERT INTO `order` VALUES (1683995151749, 1, 'Th Trn Si Ma Cai - Huyn Si Ma Cai - Lo Cai', '5fc23c660db34dbbba26af16d948ae73', '2023-05-13 23:25:51', 'Giao nhanh', 1, 62690, '2023-06-02');
INSERT INTO `order` VALUES (1684849881980, 1, 'X Chu Sn - Huyn nh Lp - Lng Sn', '66354eaba30c49f4934bcb9595c06bad', '2023-05-23 20:51:21', 'Th khi haon thnh phn quyn', 1, 24076, '2023-06-12');
INSERT INTO `order` VALUES (1684850916699, 1, 'X Chu Sn - Huyn nh Lp - Lng Sn', '16a84f76bf98443784769bb5a3722b81', '2023-05-23 21:08:36', '', 1, 5036, '2023-06-12');
INSERT INTO `order` VALUES (1686624424392, 1, 'X Chu Sn - Huyn nh Lp - Lng Sn', 'd18e1d25953049b79af339547291931e', '2023-06-13 09:47:04', 'Test th ngy 13/06', 0, 5036, '2023-07-02');
INSERT INTO `order` VALUES (1686642893239, 1, 'X Chu Sn - Huyn nh Lp - Lng Sn', '00f3b3d8b0c74732ba845470df108661', '2023-06-13 14:54:53', 'Test thnh ton khi nhn hng ngy 13/06', 1, 22076, '2023-07-03');

-- ----------------------------
-- Table structure for orderdetail
-- ----------------------------
DROP TABLE IF EXISTS `orderdetail`;
CREATE TABLE `orderdetail`  (
  `idOrder` bigint NOT NULL,
  `idProduct` int NOT NULL,
  `quantity` int NOT NULL,
  `price` float NOT NULL,
  PRIMARY KEY (`idOrder`, `idProduct`) USING BTREE,
  INDEX `FK_orderdetailOrder`(`idOrder` ASC) USING BTREE,
  INDEX `FK_orderdetailProduct`(`idProduct` ASC) USING BTREE,
  CONSTRAINT `pzp` FOREIGN KEY (`idOrder`) REFERENCES `order` (`id`) ON DELETE RESTRICT ON UPDATE RESTRICT
) ENGINE = InnoDB CHARACTER SET = utf8mb4 COLLATE = utf8mb4_general_ci ROW_FORMAT = DYNAMIC;

-- ----------------------------
-- Records of orderdetail
-- ----------------------------
INSERT INTO `orderdetail` VALUES (1683995151749, 57, 2, 14000);
INSERT INTO `orderdetail` VALUES (1683995151749, 58, 1, 5000);
INSERT INTO `orderdetail` VALUES (1683995151749, 63, 1, 12000);
INSERT INTO `orderdetail` VALUES (1683995151749, 66, 1, 17500);
INSERT INTO `orderdetail` VALUES (1684849881980, 57, 1, 14000);
INSERT INTO `orderdetail` VALUES (1684849881980, 58, 2, 5000);
INSERT INTO `orderdetail` VALUES (1684850916699, 58, 1, 5000);
INSERT INTO `orderdetail` VALUES (1686624424392, 58, 1, 5000);
INSERT INTO `orderdetail` VALUES (1686642893239, 57, 1, 14000);
INSERT INTO `orderdetail` VALUES (1686642893239, 58, 1, 5000);
INSERT INTO `orderdetail` VALUES (1686642893239, 60, 1, 3000);

-- ----------------------------
-- Table structure for payment
-- ----------------------------
DROP TABLE IF EXISTS `payment`;
CREATE TABLE `payment`  (
  `id` int NOT NULL AUTO_INCREMENT,
  `id_order` bigint NOT NULL,
  `type_payment` int NOT NULL COMMENT '0: truc tiep, 1: vnpay',
  `amount` double NOT NULL,
  `payment_date` date NULL DEFAULT NULL,
  `status` int NOT NULL DEFAULT 0 COMMENT '0: chua thanh toan, 1: da thanh toan\r\n',
  PRIMARY KEY (`id`) USING BTREE,
  INDEX `pp21`(`id_order` ASC) USING BTREE,
  CONSTRAINT `pp21` FOREIGN KEY (`id_order`) REFERENCES `order` (`id`) ON DELETE RESTRICT ON UPDATE RESTRICT
) ENGINE = InnoDB AUTO_INCREMENT = 48 CHARACTER SET = utf8mb4 COLLATE = utf8mb4_general_ci ROW_FORMAT = DYNAMIC;

-- ----------------------------
-- Records of payment
-- ----------------------------
INSERT INTO `payment` VALUES (43, 1683995151749, 0, 62690, '2023-05-13', 0);
INSERT INTO `payment` VALUES (44, 1684849881980, 0, 24076, '2023-05-23', 0);
INSERT INTO `payment` VALUES (45, 1684850916699, 1, 5036, '2023-05-23', 1);
INSERT INTO `payment` VALUES (46, 1686624424392, 1, 5036, '2023-06-13', 1);
INSERT INTO `payment` VALUES (47, 1686642893239, 0, 22076, '2023-06-13', 0);

-- ----------------------------
-- Table structure for permission
-- ----------------------------
DROP TABLE IF EXISTS `permission`;
CREATE TABLE `permission`  (
  `id` int NOT NULL AUTO_INCREMENT,
  `name` varchar(255) CHARACTER SET utf8mb4 COLLATE utf8mb4_general_ci NOT NULL,
  `created_at` datetime NOT NULL DEFAULT CURRENT_TIMESTAMP,
  `updated_at` datetime NOT NULL DEFAULT CURRENT_TIMESTAMP,
  PRIMARY KEY (`id`) USING BTREE
) ENGINE = InnoDB AUTO_INCREMENT = 36 CHARACTER SET = utf8mb4 COLLATE = utf8mb4_general_ci ROW_FORMAT = Dynamic;

-- ----------------------------
-- Records of permission
-- ----------------------------
INSERT INTO `permission` VALUES (1, 'USER.INSERT', '2023-04-27 00:00:00', '2023-04-27 00:00:00');
INSERT INTO `permission` VALUES (2, 'USER.UPDATE', '2023-04-27 00:00:00', '2023-04-27 00:00:00');
INSERT INTO `permission` VALUES (3, 'USER.DELETE', '2023-04-27 00:00:00', '2023-04-27 00:00:00');
INSERT INTO `permission` VALUES (5, 'USER.VIEW', '2023-04-27 00:00:00', '2023-04-27 00:00:00');
INSERT INTO `permission` VALUES (11, 'ORDER.INSERT', '2023-04-27 00:00:00', '2023-04-27 00:00:00');
INSERT INTO `permission` VALUES (12, 'ORDER.UPDATE', '2023-04-27 00:00:00', '2023-04-27 00:00:00');
INSERT INTO `permission` VALUES (13, 'ORDER.DELETE', '2023-04-27 00:00:00', '2023-04-27 00:00:00');
INSERT INTO `permission` VALUES (15, 'ORDER.VIEW', '2023-04-27 00:00:00', '2023-04-27 00:00:00');
INSERT INTO `permission` VALUES (16, 'PRODUCT.INSERT', '2023-04-27 00:00:00', '2023-04-27 00:00:00');
INSERT INTO `permission` VALUES (17, 'PRODUCT.UPDATE', '2023-04-27 00:00:00', '2023-04-27 00:00:00');
INSERT INTO `permission` VALUES (18, 'PRODUCT.DELETE', '2023-04-27 00:00:00', '2023-04-27 00:00:00');
INSERT INTO `permission` VALUES (20, 'PRODUCT.VIEW', '2023-04-27 00:00:00', '2023-04-27 00:00:00');
INSERT INTO `permission` VALUES (26, 'LOG.INSERT', '2023-04-27 00:00:00', '2023-04-27 00:00:00');
INSERT INTO `permission` VALUES (27, 'LOG.UPDATE', '2023-04-27 00:00:00', '2023-04-27 00:00:00');
INSERT INTO `permission` VALUES (28, 'LOG.DELETE', '2023-04-27 00:00:00', '2023-04-27 00:00:00');
INSERT INTO `permission` VALUES (30, 'LOG.VIEW', '2023-04-27 00:00:00', '2023-04-27 00:00:00');
INSERT INTO `permission` VALUES (31, 'ADMIN_PAGE', '2023-05-13 00:00:00', '2023-05-13 00:00:00');
INSERT INTO `permission` VALUES (32, 'ROLE.VIEW', '2023-05-14 00:00:00', '2023-05-14 00:00:00');
INSERT INTO `permission` VALUES (33, 'ROLE.UPDATE', '2023-05-14 00:00:00', '2023-05-14 00:00:00');
INSERT INTO `permission` VALUES (34, 'ROLE.DELETE', '2023-05-14 00:00:00', '2023-05-14 00:00:00');
INSERT INTO `permission` VALUES (35, 'ROLE.INSERT', '2023-05-14 00:00:00', '2023-05-14 00:00:00');

-- ----------------------------
-- Table structure for product
-- ----------------------------
DROP TABLE IF EXISTS `product`;
CREATE TABLE `product`  (
  `id` int NOT NULL AUTO_INCREMENT,
  `idVendo` int NOT NULL,
  `name` varchar(255) CHARACTER SET utf8mb4 COLLATE utf8mb4_general_ci NOT NULL,
  `content` text CHARACTER SET utf8mb4 COLLATE utf8mb4_general_ci NOT NULL,
  `body` varchar(255) CHARACTER SET utf8mb4 COLLATE utf8mb4_general_ci NOT NULL,
  `yearOfManuFacture` int NOT NULL,
  `fuel` varchar(255) CHARACTER SET utf8mb4 COLLATE utf8mb4_general_ci NOT NULL,
  `price` float NOT NULL,
  `createAt` timestamp NULL DEFAULT CURRENT_TIMESTAMP,
  `height` int NOT NULL,
  `length` int NOT NULL,
  `width` int NOT NULL,
  `weight` int NOT NULL,
  `status` int NOT NULL,
  PRIMARY KEY (`id`) USING BTREE,
  INDEX `FK_productVendo`(`idVendo` ASC) USING BTREE,
  INDEX `index_id`(`id` ASC) USING BTREE
) ENGINE = InnoDB AUTO_INCREMENT = 119 CHARACTER SET = utf8mb4 COLLATE = utf8mb4_general_ci ROW_FORMAT = DYNAMIC;

-- ----------------------------
-- Records of product
-- ----------------------------
INSERT INTO `product` VALUES (57, 22, 'Datsun 240Z 2014', 'Nissan 240Z nguyn bn s hu ng c I6 2,4 lt cho cng sut 151 m lc v m-men xon 198Nm kt hp vi hp s sn 5 cp. Tuy nhin, ch xe mun chic 240Z c sc mnh khng hn th na nn  quyt nh lp t cho chic xe biu tng ca Nht Bn mt ng c V6 tng p kp RB26, 350 m lc ca Skyline R33 GT-R huyn thoi. ', 'SUV', 2014, '1', 14000, '2023-04-19 01:43:52', 1630, 4140, 1120, 1044, 1);
INSERT INTO `product` VALUES (58, 2, 'Mercedes Benz 450SEL 6.9 1995', 'S hu tc  ln ti 225 km/h, Mercedes-Benz 450 SEL l mu sedan nhanh nht trong khong thi gian . ng c V8 6.9L ca 450 SEL c ch to th cng v tch hp mt s tnh nng c coi l hin i khi y nh h thng phun xng c kh K-Jetronic hay h thng bm nht kh. Trong , h thng bm nht kh gip ko di chu k thay du ca xe ln n 20.000 km  mt con s n tng vo khong thi gian .', 'Sedan', 1995, '1', 5000, '2023-04-19 01:52:49', 1540, 4250, 1160, 956, 1);
INSERT INTO `product` VALUES (60, 4, 'Honda S2000 2000', 'S2000 th h th hai c Honda gii thiu vo nm 2004, ng c t gia, truyn ng cu sau, cung cp sc mnh bi ng c dung tch 1.997cc, 4 xi lanh thng hng DOHC. Cng sut cc i trn xe nguyn bn t 237 m lc, m men xon 220 Nm. Mt s xe Honda S2000 khc  Vit Nam u c  mnh tay t vic nng cp nhng mn  chi t tin n gia tng cng sut my ln mc 400 m lc.', 'Couple', 2000, '1', 3000, '2023-04-19 01:56:30', 1285, 4120, 1750, 967, 1);
INSERT INTO `product` VALUES (61, 17, 'Lincoln Town Car Cartier 1996', 'ng c xng i km vi h dn ng FWD v AWD, hp s t ng tm cp, trong khi h truyn ng plug-in hybrid i km vi h dn ng e-AWD v hp s v cp CVT.\n\nLincoln  bt u nhn n t hng trn trang web chnh thc ca mnh v nhng chic Cartier nng cp u tin s c mt ti cc i l  M  t 9.690 USD.', 'Sedan', 1996, '1', 9000, '2023-04-19 02:02:45', 1445, 5560, 1948, 1833, 1);
INSERT INTO `product` VALUES (62, 11, 'Rolls-Royce Corniche 1973', 'Rolls-Royce Corniche l xe mui trn 2 ca. Chic xe c nhp v Vit Nam thuc th h mi nht, i 2000. Xe b ngng sn xut vo nm 2002. Ti thi im ra mt, Corniche l mt trong nhng mu xe t  nht ca Rolls-Royce vi gi gn 360.000 USD. Gi sang tay chic xe ti Vit Nam cha c tit l v cng kh  on, bi y l xe c, mang tnh nht su tm. Ch c 374 chic Corniche i ny c sn xut trn th gii.', 'Convertible', 1973, '1', 20000, '2023-04-19 02:06:10', 1492, 5169, 1829, 2185, 1);
INSERT INTO `product` VALUES (63, 16, 'Buick Riviera 1963', 'Buick Riviera l mt mu coupe th thao c ra i vi ngun cm hng ly t dng xe Rolls-Royce ng cp. Mt trong nhng c im ni bt v d nhn bit nht ca Buick Riviera chnh l n pha c thit k nm n di lp li tn nhit pha trc ca xe. Gii snh chi xe nh gi ngoi hnh Buick Riviera mang v p quyn lc, sang trng v c in.', 'Couple', 1963, '1', 12000, '2023-04-19 02:08:50', 1346, 5283, 1938, 1926, 1);
INSERT INTO `product` VALUES (64, 9, 'Tesla Model S 90D 2016', 'Sau mn ra mt \"ni nh cn\" ca Model 3, hng Tesla tip tc thu ht s ch  khi gii thiu phin bn nng cp ca mu xe in Model S. im nhn ca Tesla Model S 2017 chnh l phn u xe c thit k tng t Model 3 v Model X. Trn u xe Tesla Model S c li tn nhit mt m v cm n pha dng LED mi.', 'Sedan', 2016, '2', 22000, '2023-04-19 02:12:12', 1435, 4978, 1963, 2199, 1);
INSERT INTO `product` VALUES (65, 10, 'BMW X5 xDrive50i 2019', 'So vi th h trc, BMW X5 2019 c hng li t nhiu loi vt liu cao cp hn trong khoang cabin, v chic X5 xDrive50i ny mt ln na li chng minh iu , khoang cabin ca xe c tng cng nh cc b mt p g sng v nhng chi tit trang tr kim loi.', 'SUV', 2019, '1', 18000, '2023-04-19 02:15:36', 1745, 4935, 2004, 2345, 1);
INSERT INTO `product` VALUES (66, 3, 'Ford Mustang Saleen S281 2003', 'Mt trong nhng chic xe  l chic Ford Mustang Saleen S281 Extreme c Paramount hp tc cng Saleen  bin xe tr thnh nhn vt Barricade vi dng dp ca mt chic xe cnh st.', 'Couple', 2003, '1', 17500, '2023-04-19 02:17:46', 1422, 4801, 1880, 1610, 1);
INSERT INTO `product` VALUES (67, 6, 'Land Rover Range Rover County 1995', 'Land Rover Range Rover County 2015 c kiu dng p mt v t ph hn so vi cc anh em cng nh. c xem nh l mt phin bn mini ca Velar, xe Evoque gy n tng bi li thit k sc so, m cht hin i  c ni v ngoi tht.\n\nNh kh nng a hnh vn c m hng xe n t Anh Quc chim v tr ni tri trong phn khc SUV hng sang c nh. Mu Range Rover County 2015 y phong cch khi t ln bn cn cng vi cc i th tm c nh BMW X1, Mercedes-Benz GLB Class, Audi Q3, Volvo XC40 hay Lexus NX', 'SUV', 1995, '1', 14300, '2023-04-19 02:22:17', 1750, 4450, 1820, 2008, 1);
INSERT INTO `product` VALUES (68, 9, 'Tesla Model X 75D 2018', 'Nng cp mi ny  mang ti mt lot thay i cho chic xe, cng vi s b sung 5 kWh vo dung lng pin. Model X vn gi li h dn ng 4 bnh ton thi gian nh tiu chun. Phin bn tiu chun ca chic SUV ny c vn tc ti a 209 km/h v c th chy nc rt t 0  96 km/h trong vng 6.0 giy.\n\nPhm vi c tnh ca Tesla Model X 75D l 381 km, thp hn Model X 90D 32 km. So vi phin bn thay th, phm vi ti a c EPA c tnh  tng ln 27 km.', 'SUV', 2018, '2', 20000, '2023-04-19 02:25:57', 1676, 5037, 1999, 2352, 1);
INSERT INTO `product` VALUES (70, 10, 'BMW M2 Competition 2021', 'BMW M2 l mu xe th thao tnh nng cao mi nht ca BMW, thay th cho BMW M1 v hin cng l phin bn M nh nht ca hng xe BMW vi kch thc l 4468 x 1854 x 1410 mm. D nh nhn nhng xe vn mang y v dng mnh, hm h vi cc ng nt thit k m cht dng M ca BMW.\nu xe BMW M2 Coupe 2021 vi cm n trc l dng Xenon quen thuc trn nhiu mu BMW, tch hp tnh nng ra n pha tin li khi li xe trong iu kin thi tit xu, cng nh tng cng nt thm m cho M2. S hu cn trc thp cng hc gi ln, c dp chi tit rt hm h bn cnh thit k li tn nhit hnh qu thn m crom sang trng quen thuc.', 'Couple', 2021, '1', 21500, '2023-04-19 02:35:30', 1410, 4468, 1854, 1463, 1);
INSERT INTO `product` VALUES (71, 13, 'Porsche 356 1970', 'Mt trong nhng chic Porsche c hng him  tin thn ca huyn thoi Porsche 356,  bt ng xut hin ti bi xe VIMS 2016 va qua. Ti Si Gn, s lng Porsche 356 c t nht 2 chic, c trng tu v  li t cc chic xe nguyn bn. y l mt trong nhng ln him hoi chic 356A Speedster xung hin li trn ng ph.', 'Convertible', 1970, '1', 12500, '2023-04-19 02:38:32', 1320, 4010, 1660, 1041, 1);
INSERT INTO `product` VALUES (72, 8, 'Chevrolet Corvette 3LT 2020', 'Chevrolet Corvette C8 2020 s hu kh nng tng tc 0 - 100 km/h y n tng vi ch 2.9 giy, nh ng c V8 6.2L cng hp s ly hp kp 8 cp Tremec. Vi v-lng c kh nng phn ng nhanh nhy, mc phn b trng lng 40/60 (khc bit hon ton vi mc phn b 50/50 thng thng trn cc dng xe c ng c t gia khc) v gh li c t gn trc trc, C8 di chuyn rt d dng v linh hot.\nVt tri hn hn so vi th h tin nhim C7, Corvette C8 em li cho ngi li tm nhn pha trc rng v thong hn, nh phn mui xe thp hn v khng cn nh v pha trc do ng c nay  c t gia. \n', 'Couple', 2020, '1', 21000, '2023-04-19 02:41:06', 1234, 4630, 1933, 1527, 1);
INSERT INTO `product` VALUES (73, 9, 'Tesla Model S Plaid 2021', 'Dng xe Model S ca Tesla vn  mang n nhng thay i mang tnh cch mng cho th trng xe in, nhng phin bn Model S Plaid cn c coi l im sng ni bt trong lch s ngnh sn xut  t ca th gii.\nTesla chc chn khng c i th khi ni v hiu sut ca EV. Tt nhin iu  cng ng ngha rng chic xe Model S Plaid c gi khng h r, nhng vn l mt mn hi nu so vi hiu sut m bn nhn c. Nhng chic xe ca Bugatti hay Koenigsegg cng c th t c hiu sut tng t nhng Plaid c gi cnh tranh hn, khong 127.000 USD ( 2,9 t VN), trong khi cc xe khc c th t ti hng triu .', 'Sedan', 2021, '2', 11900, '2023-04-19 02:44:33', 1445, 4970, 1964, 2237, 1);
INSERT INTO `product` VALUES (74, 3, 'Ford Bronco Raptor 2023', 'Ford Bronco Raptor l s kt hp ca chic xe a hnh vn  n tng Bronco vi phong cch off-road tc  cao  lm nn thng hiu ca dng sn phm Raptor.\nFord mi y  cng b bin th hiu nng cao Raptor dnh cho chic SUV off-road Bronco ca h.  bin th ny, xe s c trang b ng c V6 mnh m, cng vi  l nhiu nng cp ng k  mang n kh nng vn hnh ti u trn cc cung ng mn, ng  v bay nhy gia sa mc.', 'SUV', 2023, '1', 24000, '2023-04-19 02:48:03', 1976, 4851, 2177, 3107, 1);
INSERT INTO `product` VALUES (75, 2, 'Mercedes-Benz G-Class AMG G 63 Brabus 700 2021', 'Da trn chic Mercedes-AMG G63 mi nht v c gi l Brabus 800 Adventure, xe c gii thiu vo u nm 2020 v hin ang c bn trn trang web chnh thc ca hng .\n\n l mt chic xe hon ton mi, c trang b ng c twin-turbo 4.0  L V8 sn sinh cng sut 789 m lc v m men xon 1.000 Nm.\n\ny thc s l mt s ci thin ng k so vi chic G63 nguyn bn (tng 212 m lc v m men xon 150 Nm), c thc hin nh vic thay th cc turbo v nh x li ng c. Theo Brabus, chic Adventure XLP 800 c vn tc ti a 210 km/h v s t vn tc 100 km/h trong 4,8 giy.', 'SUV', 2021, '1', 22000, '2023-04-19 02:55:04', 1968, 4866, 1931, 2560, 1);
INSERT INTO `product` VALUES (76, 23, 'Lamborghini Urus Performante 2023', 'Urus Performante c thit k hu nh khng i so vi phin bn trc y, tuy nhin c hng nng cp mt s chi tit  ngoi tht nh np ca-p, khe thot gi, trn xe, b chia gi trc, b khuch tn gi sau, cn sau v vm bnh lm bng si carbon. Xe mang dng v hm h thng thy  mt mu SUV hiu nng cao, vi cc ng nt gc cnh, cng cp. i din Lamborghini cho bit dng nhiu vt liu si carbon gip tng trng lng xe gim 47 kg.', 'SUV', 2023, '1', 23000, '2023-04-19 02:59:27', 1618, 5137, 2026, 2150, 1);
INSERT INTO `product` VALUES (77, 18, 'Bentley Flying Spur V8 2022', 'Bentley Mulsanne 2018 l mu sedan siu xe c mu xanh c nht Vit Nam vi nhng ng cp vt tri khng mt mu xe no c th \"bt kp\".\r\n\r\nnh gi xe Bentley Mulsanne 2018 v ngoi tht\r\nBentley Mulsanne 2018 l mu salon sedan ca Bentley vi kch thc b v, hm h. Kch thc di x rng x cao ca xe ln lt l 5.575 x 2.208 x 1.521 mm, trc c s di 2.266 m.\r\nPhn u xe c thit k kh quen thuc vi nhng mu Bentley vi cm n pha trn, li tn nhit mu en bao quanh cng nhng ng np chrome sng bng. ', 'Sedan', 2022, '1', 21900, '2023-04-19 03:01:49', 1484, 5316, 2013, 2330, 1);
INSERT INTO `product` VALUES (78, 13, 'Porsche Cayenne Turbo GT 2023', 'Ti Vit Nam, phin bn Porsche Cayenne Turbo GT hon ton mi c th c t hng ngay t by gi. Bn cnh mu sn ty chn mi Arctic Grey, c tnh th thao vt tri ca Cayenne Turbo GT cn c nhn mnh thng qua nhng chi tit thit k cp tin. u tin l cn trc c trng ca dng xe GT vi cnh gi ni bt v 2 khe tn nhit ln  hai bn mang li din mo khng th nhm ln.', 'SUV', 2023, '1', 20500, '2023-04-19 03:04:18', 1636, 4942, 1995, 2765, 1);
INSERT INTO `product` VALUES (79, 11, 'Rolls-Royce Phantom Coupe 2010', 'i Vit Nam, nhng chic Rolls-Royce bt u c a v nc vo nm 2007. Tnh n nay sau 12 nm, s lng Rolls-Royce ti Vit nam  l mt con s khng h nh. c bit hn, gii m xe ti Vit Nam  c c hi c din kin kh nhiu dng xe cng nh cc phin bn c bit khc nhau ca dng xe ny. C th ni, hai dng xe Rolls-Royce ph bin nht ti Vit Nam chnh l ng hong Phantom VII v tn binh Ghost. Bn cnh s ph bin ca nhng chic Phantom hay Ghost, mt s ngi chi xe  c nhng s la chn c o hn v chic Rolls-Royce ca mnh. Chnh v th m nhng dng khc c a v Vit Nam nh bin th Phantom Drophead Coupe, Dawn, Wraith, Seraph,C nhng dng xe ch c duy nht mt chic xut hin ti Vit Nam nh mu Rolls-Royce Phantom Coupe.', 'Couple', 2010, '1', 18000, '2023-04-19 03:06:49', 1592, 5609, 1987, 2590, 1);
INSERT INTO `product` VALUES (80, 6, 'Land Rover Range Rover Sport Svr 2021', 'Land Rover Range Rover Sport l dng xe SUV hng sang c trung (luxury mid-size SUV) ca nh sn xut  t Jaguar Land Rover, Anh Quc. Ra i ln u nm 2005, n nay Range Rover Sport ang  th h th 2. Trong gia nh Land Rover, Range Rover Sport xp trn dng Range Rover Evoque v bn di dng Range Rover.\n\nRange Rover Sport 2021 hin ti l phin bn Facelift ca th h th 2 (L494, 2014-nay), c ra mt vo nm 2017.  bn nng cp ln ny, Land Rover  tinh chnh Range Rover Sport vi mt b phn cn trc mi, li tn nhit c chnh sa v n pha ma trn LED Matrix Pixel. Xe vn c la chn 5 ch v 7 (5 2) ch ngi.', 'SUV', 2021, '1', 19600, '2023-04-19 03:10:23', 1803, 4879, 2073, 2211, 1);
INSERT INTO `product` VALUES (81, 14, 'Aston Martin Vanquish 2014', 'Aston Martin Vanquish c xem l mu siu xe hng u ca hng, cng l mu xe mang li danh ting v th hin c ng cp cho hng xe non tr ny. Vi ngn ng thit k c da theo nh nhng cn gi lc chic xe s hu din mo tr trung nng ng v y nhng nt sang trng lch lm c bit l khi ng c v cng mnh m chc chn s mang n nhng tri nghim th v cho khch hng.', 'Convertible', 2014, '1', 13500, '2023-04-19 03:12:47', 1294, 4720, 2067, 1685, 1);
INSERT INTO `product` VALUES (82, 18, 'Bentley Mulsanne 2018', 'Bentley Mulsanne 2018 c trang b khi ng c V8 6.75L sn sinh cng sut ti a 505 m lc, m-men xon cc i 1020 Nm. Hp s t ng 8 cp. Xe tng tc t 0  100 km/h mt 5,5 giy, tc  ti a 296 km/h.', 'Sedan', 2018, '1', 20000, '2023-04-19 03:15:42', 1521, 5575, 1976, 2711, 1);
INSERT INTO `product` VALUES (83, 13, 'Porsche 911 GT3 2018', 'Nhn tng th ngoi hnh, vi thit k 2 ca vi 2 gh ngi th thao cng hng lot  chi i km. Bt k ai cng c th d dng on ra Porsche 911 GT3 2022 l mt chic xe hiu sut cao dnh cho nhng i gia thch cm li.\n\nPorsche 911 GT3 2022 s dng nhiu cc vt liu c trng lng nh nh mui xe lm t si carbon, la zng hp kim siu nh, ca knh siu mng. Qua  gip ct gim trng lng gip khi lng kh ch cn 1.418 kg, to tin  cho hiu sut vn hnh ti u.', 'Couple', 2018, '1', 17800, '2023-04-19 03:21:08', 1298, 4557, 1880, 1430, 1);
INSERT INTO `product` VALUES (84, 13, 'Porsche 911 Turbo 2009', 'Porsche 911 Turbo S c trang b tiu chun h thng phanh gm  si carbon tng hp (PCCB) vi cm phanh sn vng ni bt. Khc bit ca phin bn ny vi bn Turbo thng thng  l h thng n LED Matrix vi kh nng nh n theo gc li (PDLS ).\nBn trong, khoang li ca xe c la chn ty chn bc da Club vi mu da Truffle Brown v ch khu tng phn mu xm (Crayon). Chic xe ny cng s hu thm gi p trang tr ni tht bng si carbon bng. V-lng tch hp nt a phng tin, m thoi rnh tay c bc vt liu Race-Tex v p si carbon m. ng h hin th vng tua  bng iu khin trung tm c la chn mu vng trong khi ng h Sport Chrono c mt mu en.', 'Couple', 2009, '1', 16000, '2023-04-19 03:24:16', 1303, 4535, 1900, 2040, 1);
INSERT INTO `product` VALUES (85, 15, 'Lucid Air Grand Touring Performance 2022', '\n so snh, phin bn Lucid Air Grand Touring trc  c tm hot ng 755 km khi dng mm 21 inch v tng ln 830 km nu c trang b mm 21 inch.\n\nLucid Air Grand Touring Performance l bn hiu sut ca Lucid Air Grand Touring. Chic xe in ny c mt s thay i trong h truyn ng vi kin trc pin 900V, kh nng tng tc 0-100 km/h trong 2,6 giy. Vi thi gian sc 21 pht bng b sc nhanh 350 kW, mu xe ny c th i c 483 km.', 'Sedan ', 2022, '2', 22000, '2023-04-19 03:33:42', 1410, 4975, 1939, 2350, 1);
INSERT INTO `product` VALUES (86, 24, 'Abarth Esseesse 2020', 'Fiat 500 595 Abarth Esseesse 2020 u tin v Vit Nam s hu vc dng \"con b\" quen thuc nhng hng  Abarth  a ln hng lot chi tit nhm thay i gip xe th thao v n tng hn nhng g bn tiu chun th hin.\nPhn u xe, Fiat 500 595 Abarth Esseesse hon ton mi s hu cm n pha v n chy ban ngy dng elip tch ri vi cng ngh LED, n pha bng Projector. Tnh nng iu chnh nh sng t ng v ra n c hng xe nc  p dng trn Fiat 500 bn c bit ny.', 'Hatchback', 2020, '2', 4500, '2023-04-19 03:41:21', 1485, 3660, 1627, 800, 1);
INSERT INTO `product` VALUES (87, 12, 'Audi A3 2018', 'Audi A3 Sportback 2018 (c th gi l hatchback) ln u c gii thiu  Vit Nam ti Trin lm  t quc t 2017 hi thng 10 nm ngoi. y l mt trong nhng chic xe ni bt nht trong gian hng ca Audi mang n trin lm va qua vi gi c cng b  mc 1,55 t ng.\n\n dng v bn ngoi Audi A3 2018 sang trng, th thao v mnh m hn bi ngn ng thit k hon ton mi m hng xe nc c s dng. Audi gi A3 2018 l chic coupe 5 ca, nhng thc cht y l chic xe c thit k khng khc g mt chic hatchback thng thng  Vit Nam.', 'Sedan', 2018, '1', 8200, '2023-04-19 03:44:20', 1409, 4423, 1793, 1470, 1);
INSERT INTO `product` VALUES (88, 12, 'Audi Q3 2021', 'Audi Q3 s dng hp s 7 cp S tronic cho php xe d dng t vn tc 100km trong vng 6.4s v t vn tc ti a 233 km/h. Mt u im na  Q3 l kh nng tit kim nhin liu khi ch tiu tn t 6.5 n 8.6 l nhin liu cho mi 100km ty thuc a hnh. \n\nXe c 6 ch  li bao gm: T ng, Thoi mi, Nng ng, Off-road, Hiu qu v Tu chnh.\n\nMt chic xe gia nh nhng li mang hi hng th thao, khi ng c mnh m nhng vn m bo tnh an ton gn nh tuyt i, sang trng nhng vn tot ln nt nng ng v tr trung, \n\nKhng h qu khi ni Audi A3 l mt i th khin cc dng xe SUV khc nh Mercedes GLA hay BMW X4 phi d chng. Nu bn ang tm kim mt tr th c lc cho nhng chuyn i cng gia nh, vy th hy la chn Audi Q3!', 'SUV', 2021, '1', 9000, '2023-04-19 03:46:35', 1567, 4500, 1843, 1545, 1);
INSERT INTO `product` VALUES (89, 10, 'BMW 3 Series 2014', 'Nm 2014, Series 3 tip tc l sn phm bn chy nht ca BMW trn ton cu. Kt thc 11 thng u nm 2014, lng xe Series 3 c bn ti tay ngi tiu dng t 432.064 xe, tng 2,8% so vi cng k nm trc. Thnh cng ca Series 3 c ng gp quan trng vo tng doanh s hn 1,63 triu xe, ng thi gip thng hiu x Bavaria vng vng  ngi v s 1 phn khc xe sang th gii.\n\nBMW Series 3 mi s dng dng khung gm trng lng nh vi phn ln cc b phn lm t nhm gip gim sc nng ca cu xe v to nn t l phn b trng lng 50:50. Xe trang b ng c 2.0L TwinPower Turbo 4 xy-lanh thng hng, cng sut 184 m lc ti 5.000 vng/pht, v 245 m lc t 5.000  6.000 vng/pht cho tng phin bn 320i v 328i.', 'Sedan', 2014, '1', 12000, '2023-04-19 03:49:27', 1375, 4612, 1782, 1540, 1);
INSERT INTO `product` VALUES (90, 10, 'BMW 3 Series 2017', 'BMW 320i 2017 s hu din mo mnh m, sc so tuy nhin khng c qu nhiu thay i so vi th h trc. Kch thc tng th trn BMW 320i 2017 tip tc k tha ngi tin nhim vi chiu di x rng x cao ln lt l 4.633 x 2.031 x 1.429 (mm), trc c s di 2.810 (mm), khong sng gm xe 140 (mm). t cnh hai i th, khong cch hai trc ca BMW 320i km i cht so vi C-Class - 2.840 (mm) v ngp ngh vi A4 - 2.820 (mm).\nThit k u xe ca phin bn 320i 2017  c bin tu i cht  tng thm v th thao, mnh m sn c ca n. Hai ng gn kp to hnh ch V chy dc mi bn trn np capo bm st thit k kh ng hc.', 'Sedan', 2017, '1', 14500, '2023-04-19 03:51:16', 1429, 4624, 1811, 1430, 1);
INSERT INTO `product` VALUES (91, 10, 'BMW IX-3 2022', 'BMW iX3 l dng xe chy hon ton bng in, c gii thiu trc cng chng di phin bn  tng ti Trin lm  t Frankfurt 2009 v bt u bn ra cho cng chng vo thng 09-2013. Tnh n u nm 2020, doanh s ca BMW iX3 t hn 165.000 xe.\nBMW iX3 2023 l phin bn nng cp gia vng i thay i ch yu tp trung vo thit k ngoi tht. Xe c ra mt ti s kin IAA Mobility 2021 t chc ti Munich, c.', 'SUV', 2022, '2', 16800, '2023-04-19 03:53:57', 1668, 4734, 1891, 2180, 1);
INSERT INTO `product` VALUES (92, 13, 'Porsche 911 Targa 1995', 'L mt bin th c o ca dng 911, Porsche Targa c sinh ra da trn quy nh nghim ngt v an ton trn nhng mu xe mui trn truyn thng ti th trng M. Chnh v th m vo nm 1965, Porsche 911 Targa  chnh thc c ra mt vi thit k l mt cng phn knh ng sau c nh vi khc mui gia c th ng m linh hot.\nKiu dng mui xe Targa cng c Porsche s dng cho 911 th h th 2.  th h ny, phn thn xe 911  c sa i vi phn cn trc hnh hp mi vi hc gi mu en, ph hp vi php lut mi  Hoa K. Ngoi ra, phn mui xe theo phong cch Targa vn c gi nguyn, thm vo  l mt ty chn phn thanh ngang mu en thay cho mu bc trn th h trc y. Ngay c khi chic 911 SC Cabriolet c sn xut vo thng 1 nm 1983, dng Targa vn gi nguyn v th ca mnh l mt dng xe biu tng y hp dn ca thng hiu xe hi c Porsche.\n', 'Couple', 1995, '1', 14700, '2023-04-19 03:57:33', 1265, 4245, 1735, 1320, 1);
INSERT INTO `product` VALUES (93, 21, 'Volkswagen T-Roc 2020', 'Sau khi gii thiu cc phin bn thng ca T-Roc vo nm ngoi, Volkswagen tip tc trnh lng phin bn hiu sut cao T-Roc R c sc mnh gn 300 m lc, nm chung mm vi BMW X2 M35i hay Audi SQ2.\nMu SUV mi c thit k vi mc tiu dnh cho gii tr yu tc , Volkswagen T-Roc R 2020 s dng ng c xng dung tch 2.0L TSI tng p cho cng sut ti a 295 m lc v m men xon cc i 400 Nm. Sc mnh c truyn xung bn bnh thng qua hp s t ng ly hp kp 7 cp. Nh , T-Roc R 2020 c kh nng tng tc t 0 - 100 km/gi ch trong vng 4,9 giy trc khi t tc  ti a 250 km/gi.', 'SUV', 2020, '1', 17500, '2023-04-19 14:46:58', 1572, 4246, 1819, 1461, 1);
INSERT INTO `product` VALUES (94, 21, 'Volkswagen Arteon 2020', 'Edition c hiu sut cao v c hng xe c sn xut s lng gii hn ch 250 chic.\nV ng c, s c 2 la chn ng c xng hoc diesel (du) tng p u c dung tch 2.0 lt. ng c xng c 2 cu hnh cng sut 188 v 268 m lc. Trong khi , ng c diesel cng c 2 mc cng sut 188 v 237 m lc. Vi cc phin bn mnh hn, Volkswagen s trang b sn h thng n nh chassis DCC v dn ng 4 bnh 4Motion.', 'Sedan', 2020, '1', 19000, '2023-04-19 14:50:07', 1435, 4862, 1871, 1658, 1);
INSERT INTO `product` VALUES (95, 21, 'Volkswagen Touareg 2018', 'C th ni, Volkswagen Touareg l mt trong nhng chic xe to cm hng nhiu nht vi th gii hin i trong rt nhiu nm tr li y. Tourareg l thng hiu cao cp hng u ca hng xe Volkswagen v hng li mt ln na khng nh vai tr tin phong ca mnh trong vic nng cp k thut ch tc cng nhng cng ngh cao cp tch hp vo dng xe ca mnh. C th ni, mu xe  t Volkswagen Touareg l chic xe ca tng lai.', 'SUV', 2018, '1', 14800, '2023-04-19 14:54:25', 1732, 4898, 1965, 2146, 1);
INSERT INTO `product` VALUES (96, 21, 'Volkswagen Tiguan 2021', 'Mm xe Volkswagen Tiguan 2021 c thit k 5 chu n gin m hng xe c gi l \"Victoria Falls\" vi kch thc 19 inch, vm bnh xe kt hp chi tit nha cng, c trng ca nhng chic SUV. Mt im th v trn Tiguan l nhng c vt  lp xe c bo v bi lp nha cng.\n\nGng chiu hu ca Tiguan 2021 s dng 2 tng mu, mu xm ging b mm v nhiu tnh nng nh chnh/gp in, sy gng, cnh bo im m, camera l, xi-nhan LED. Cng vi , tay nm ca trn chic SUV c ny c thit k ng mu thn xe tch hp kh nng m ca thng minh.', 'SUV', 2021, '2', 22000, '2023-04-19 14:56:59', 1645, 4509, 1839, 1612, 1);
INSERT INTO `product` VALUES (97, 21, 'Volkswagen Golf 2022', 'c gii thiu ti trin lm  t Chicago 2021, Volkswagen Golf R 2022 ra mt th trng M trang b ng c xng 4 xi-lanh, tng p, phun nhin liu trc tip, dung tch 2.0L tng t Golf GTI. Trn phin bn s t ng ly hp kp DSG 7 cp, ng c ny to ra cng sut ti a 315 m lc v m-men xon cc i 400 m lc. Trong khi , phin bn s sn 6 cp s hu m-men xon cc i 380 Nm.\nVolkswagen Golf R 2022 vn c trang b h dn ng 4 bnh ton thi gian 4Motion tng t th h tin nhim, bao gm c h thng iu hng m-men xon trn trc sau. Bn cnh  l kha vi sai pha sau vi 2 b ly hp a a, c th dn 100% m-men xon vo 1 bnh sau.', 'Sedan', 2022, '1', 21400, '2023-04-19 15:00:26', 1483, 4644, 1789, 1500, 1);
INSERT INTO `product` VALUES (98, 7, 'Maserati Levante 2021', 'Levante l chic SUV u tin ca Maserati c bn chnh hng ti Vit Nam. Mu xe ny th hin tinh thn dng mnh, phiu lu v hng v pha trc ca Maserati.\n\nVi s xut hin ca Levante, Maserati  gp mt trn ng ua ca nhng chic SUV hng sang trn th gii nh Bentley, Mercedes-Benz, Porsche', 'SUV', 2021, '2', 22300, '2023-04-19 15:03:26', 1693, 5005, 1981, 2205, 1);
INSERT INTO `product` VALUES (99, 7, 'Maserati Ghibli 2017', 'aserati Ghibli - dng sedan hng sang c hng xe nc  nh v, cnh tranh vi i th chnh - Porsche Panamera bn tiu chun.  thi im nm 2016 ra mt th trng Vit Nam, Maserati Ghibli c gi bn gn 6 t ng cho bn cao cp. Hin ti, chic xe ny c gi bn li ch khong 3 t ng.\nMaserati Ghibli i 2017 s dng ng c V6 3.0 lt Twin Turbo, sn sinh cng sut ti a 345 m lc ti 5.000 vng/pht v m men xon 500 Nm. Sc mnh c truyn ti bnh sau thng qua hp s t ng 8 cp, gip xe tng tc 0-100 km/gi ch trong 5,6 giy, trc khi t tc  ti a 263 km/gi.', 'Sedan', 2017, '1', 19600, '2023-04-19 15:05:54', 1461, 4971, 1945, 1835, 1);
INSERT INTO `product` VALUES (100, 10, 'BMW 8 Series 2022 Sport', 'Chic BMW 840i Gran Coupe chnh hng u tin  H Ni c ngoi tht mu en, i km gi M Sport, mm M 5 chu kp v h thng phanh M hiu sut cao vi cm phanh mu xanh tng phn th v.\nChic BMW 840i Gran Coupe trong bi c trang b ng c tng p V6 3.0L sn sinh cng sut 335 m lc v m-men xon 498 Nm, sc mnh c gi n cc bnh xe thng qua hp s t ng 8 cp v dn ng cu sau.\n', 'Convertible', 2022, '1', 24000, '2023-04-19 15:09:47', 1346, 4851, 1902, 1890, 1);
INSERT INTO `product` VALUES (101, 10, 'BMW M8 2022', 'BMW M8 Competition Coupe 2022 c nh gi l mt siu phm mi c Thaco nhp khu v phn phi ti th trng Vit Nam. Xe s lm hi lng nim am m su tp xe sang ca gii i gia. C th ni y l mt trong nhng mu xe hi ang c sn n nht trong thi gian gn y. \nim sng highlight ca BMW M8 Competition Coupe 2022 nm  khi ng c ca xe. Mu xe ny tuy c b ngoi nh b, nhng c tri tim l khi ng c TwinPower Turbo V8 4.4L, c th t c cng sut ti a 625 m lc ti 6000 vng/pht, m-men xon cc i 750Nm ti 1800-5800 vng/pht.\n', 'Couple', 2022, '1', 20000, '2023-04-19 15:12:51', 1362, 4867, 1907, 1885, 1);
INSERT INTO `product` VALUES (102, 10, 'BMW X5 M 2021', 'n vi phin bn BMW X5 M-Sport 2021, ngi dng vn c hng xe c cung cp h thng chiu sng vi cng ngh Laserlight cho tm chiu xa hn 500 m. Hn na, n pha xe cn tch sn nhiu tnh nng nh bt/tt t ng v t ng iu chnh gc nh li khi vo cua thng qua camera gim st pha trc.\n\"Linh hn\" ca xe BMW X5 M-Sport 2021 l khi ng c xng TwinPower Turbo, I6, dung tch 3.0L cho cng sut ti a 340 m lc ti 5.500  6.500 vng/pht v m-men xon cc i 450 Nm ti 1.500  5.200 vng/pht. ng c trn c ghp ni vi hp s t ng 8 cp Steptronic v h dn ng 4 bnh ton thi gian AWD.', 'SUV', 2021, '1', 17500, '2023-04-19 15:16:53', 1745, 4922, 2004, 2070, 1);
INSERT INTO `product` VALUES (103, 10, 'BMW M4 2022', 'BMW M4 2022 hin nay thuc th h th 2 vn c gii thiu t thng 09/2020. Cho n gn y, b i M3 v M4 Competition mi c ng thi rc rch ch ngy v Vit Nam. Theo , cc i l  bt u nhn cc, h tr khch chn mu theo s thch c nhn v gi booking n hng c, d kin thi gian bn giao xe ri vo qu I nm 2022. Thi gian ny c th ko di kh lu do ngun cung linh kin sn xut cha n nh.\nV chic xe ny s khng lm cc i gia tht vng. Di np capo BMW M4 Competition 2022 l khi ng c 3.0L 6 xy-lanh tng p kp mi, sn sinh cng sut 503 m lc v m-men xon 650 Nm. \n\nTh c bp  kt hp vi hp s t ng 8 cp, cho php xe tng tc t 0-100 km/h trong 3,8 giy, trc khi t tc  ti a 290 km/h. Xe c hai ty chn dn ng: cu sau hoc bn bnh (xDrive).', 'Convertible', 2022, '1', 22000, '2023-04-19 15:20:13', 1395, 4794, 1887, 1625, 1);
INSERT INTO `product` VALUES (104, 4, 'Honda Civic 2016', 'Civic l mu xe gii thiu u tin c thng hiu xe Nht Bn gii thiu n ngi tiu dng khi gia nhp th trng  t Vit Nam vo thng 8/2006. Tri qua 9 th h cng nhiu ln nng cp v mt thi gian di chinh phc khch hng, Honda Civic  c mt v th vng chc trong lng ngi tiu dng nh kiu dng tr trung, kh nng vn hnh n nh, tit kim nhin liu v cc trang b tin nghi tt. \n\nPhin bn Civic 2016 c Honda Vit Nam nng cp kiu dng th thao, phong cch vi b bodykit Modulo nhm gip tng tnh cnh tranh vi cc i th trong phn khc xe sedan hng C nh Toyota Altis, Kia K3, Mazda 3.', 'Sedan', 2016, '1', 8600, '2023-04-19 15:26:26', 1475, 4300, 1770, 1331, 1);
INSERT INTO `product` VALUES (105, 4, 'Honda HR-V 2017', 'Honda HR-V 2017 c kch thc tng th di x rng x cao tng ng l 4.295mm x 1.773mm x 1.605mm vi chiu di c s 2.611mm. Xe c trang b mm hp kim 17 inch, lp 215/55, n pha, n hu v n chy ban ngy cng ngh LED Bn E s c thm n pha LED vi di n chiu sng ban ngy, ly chuyn s trn v-lng, kim sot hnh trnh, mn hnh cm ng 7 inch, tch hp smartphone, 2 cng USD, cng HDMI v h thng 6 loa.\nHonda HR-V vn hnh trn platform ca nhng mu xe thuc phn khc B nh City v Jazz, nhng chiu di c s tng ln mc 2.610mm, di hn 10mm so vi City sedan v 80mm so vi Jazz hatchback. Tt c cc phin bn s dng la-zng tiu chun lm t hp kim kch thc 17 inch vi lp 215/55. ', 'SUV', 2017, '1', 7300, '2023-04-19 15:29:20', 1605, 4294, 1772, 1328, 1);
INSERT INTO `product` VALUES (106, 4, 'Honda Jazz 2018', 'Honda Jazz l mu xe mi nht c nh sn xut  t Nht Bn dnh cho th trng Vit Nam. Gia nhp phn khc hatchback hng B, vn khng c nhiu i th ni tri, Honda Jazz 2018 c k vng s bt ph v vt mt i th Toyota Yaris.\nHonda Jazz 2018 s dng cu hnh ng c tng t Honda City c lp rp trong nc. ng c xng 1.5L SOHC i-VTEC 4 xy lanh thng hng 16 van cho cng sut ti a 118 m lc ti 6000 vng/pht v m-men xon cc i 145Nm ti 4600 vng/pht. i km hp s v cp CVT Earth Dream Technology c thm ch  th thao.', 'Hatchback', 2018, '1', 6500, '2023-04-19 15:31:43', 1524, 3996, 1694, 1095, 1);
INSERT INTO `product` VALUES (107, 20, 'Ferrari California 2014', 'C ba im ti khng thch v phn thit k trn phin bn California u tin: mt ca lng hnh mt ci ging nh xe Mazda, phn cp xe qu cao v h thng x t dc  th cng khin chic xe trng cao hn. Vi phin bn California T, cc k s Ferrari  kho lo p dng mt s chi tit im nhn trn chic F12 Berlinetta vo California T  to nn mt ngoi hnh d dn v th thao hn cho mu Grand Tourer gi r nht ca mnh.\nng c V8 mi c dung tch thc t 3855 cc, s hu h thng tng p kp v cho cng sut ti a 560 m lc ti 7.500 vng/pht, lc m-men xon cc i 755 Nm ti 4.750 vng/pht. Nhng thng s ny hon ton vt tri so vi ng c V8 np kh t nhin ca California i u. o su hn mt cht na, ta s thy nhng thng tin kh th v. Nhiu tin n cho rng Ferrari California ban u s c pht trin nh l mt dng xe ca Maserati, nhng Fiat Chrysler Automobiles ( tng l hng m ca Ferrari) quyt nh cp mc Nga chm ln mu Grand Tourer ny  bn c gi hn. Tt nhin, Ferrari nhanh chng ph nhn tin n trn, d th h California T vn s dng chung lc my vi Maserati Quattroporte GTS.', 'Convertible', 2014, '1', 21700, '2023-04-19 15:38:24', 1308, 4563, 1902, 1735, 1);
INSERT INTO `product` VALUES (108, 20, 'Ferrari F8 2020', 'Kho lo v trn y tham vng l nhng m t hp l nht  miu t Ferrari F8 Tributo 2020. Tht vy, chic xe xng ng l ng c vin sng gi cho v tr ngi vng ca cc mu siu xe ng c t gia. F8 Tributo 2020 cung cp hiu sut cc n tng n t khi ng c V8 3.9L cng cm gic li th thao y phn khch - tt c c gi gn trong mt v bc quyn r.\nL phin bn Coupe ca F8 Spider, Ferrari F8 Tributo 2020 tha hng khi ng c V8 cng sut 710 m lc t 488 Pista nhng  c tinh chnh  tr nn nh hn 18 kg. Qua , F8 Tributo tr thnh siu xe c trang b khi ng c V8 mnh m nht m thng hiu  tng ch to trong sut chiu di lch s ca mnh. i th ca Ferrari F8 Tributo 2020 cng khng h tm thng vi nhng ci tn nh Aston Martin Vanquish, Lamborghini Huracan EVO hay McLaren 720S.', 'Couple', 2020, '1', 23800, '2023-04-19 15:40:05', 1206, 4611, 1979, 1435, 1);
INSERT INTO `product` VALUES (109, 20, 'Ferrari 812 Superfast 2020', 'Thit k ca Ferrari 812 Superfast mang nhiu ng nt ca \"n anh\" F12berlinetta v F12tdf. \"Siu nga\" mang kiu dng grand-tourer cng np capo ko di v khoang hnh l rng ri  pha sau. 812 Superfast c nhiu chi tit mang tnh kh ng hc, i km cc ng ct x to bo  ton thn xe.\nFerrari 812 Superfast s dng hp s 7 cp ly hp kp c gia cng bi Getrag. Xe c kh nng tng tc t 0 ln 100 km/h ch trong khong 2,9 giy trc khi t vn tc ti a khong 340 km/h. Ngoi ra, xe cn c trang b kh nhiu tnh nng h tr li nh h thng chng trt, h thng nh li bnh sau... Mc gi ca Ferrari 812 Superfast ti th trng Vit Nam vn cha c tit l.', 'Couple', 2020, '1', 24300, '2023-04-19 15:52:49', 1276, 4657, 1971, 1615, 1);
INSERT INTO `product` VALUES (110, 20, 'Ferrari Portofino M 2020', 'Chic siu xe ni bt vi mu sn  Rosso Corsa c trng ca thng hiu Italy. c ra mt t nm 2020, Ferrari Portofino M l phin bn nng cp gia vng i, nhm thay th phin bn Portofino c hn, vn  ra mt t nm 2017.\nFerrari Portofino M c trang b khi ng c V8, dung tch 3.9L tng p kp, sn sinh cng sut cc i 619 m lc v 780 Nm m-men xon. Sc mnh c truyn n bnh sau thng qua hp s bn t ng ly hp kp 7 cp, gip xe tng tc 0-100 km/h trong 3,5 giy, tc  ti a t 320 km/h.', 'Convertible', 2020, '1', 22800, '2023-04-19 16:02:47', 1318, 4586, 1938, 1545, 1);
INSERT INTO `product` VALUES (111, 10, 'BMW X2 2022', 'BMW X2 l mt bn ci tin nh ca dng BMW X1, xe s hu khi ng c mnh m I4 tng p TwinPower Turbo 2.0L, thit k xe c phn cng cp v i theo hng th thao. BMW X2 l mt dng xe hng ti nhu cu i  th ph thng ca hng xe c danh ting.\nThit k ngoi tht ca BMW mang hng mnh m, ni bt nht l thit k phn u xe vi nhng ng gn guc kh mnh m. L dng SUV gm cao vi khong sng 182mm s rt hp cho nhng nhu cu i li trong  th, kch thc c phn nh hn mt cht so vi dng BMW X1 n em.', 'SUV', 2022, '1', 22000, '2023-04-19 16:05:03', 1526, 4360, 1824, 1429, 1);
INSERT INTO `product` VALUES (112, 10, 'BMW I8 2016', 'BMW i8 ln u tin c gii thiu ti Trin lm  t quc t 2009 di dng mu Concept Vision E. Nm 2011, 2012, BMW tip tc ln lt ra mt cc mu BMW i8 Concept. Nm 2013, ti Trin lm  t Frankfurt 2013, mu BMW i8 thng mi chnh thc trnh lng. y l mt mu xe thuc Project i c hng xe  t c BMW cho hng th trng xe th gii nh mt thng hiu mi mang tn BMW i, c phn phi ring hon ton t BMW.\nC th ni BMW i8 l mt trong cc mu siu xe s hu thit k n tng mang n nhiu cm xc nht trong lng siu xe th gii. Thit k ny cng gy mt vi tranh ci. Ngi th cho l qu tuyt, ngi th bnh phm nhn hi k. Tuy nhin, nh gi chung t gii tho xe th gii th y vn l mt thit k rtcm xc.\n\nBMW i8 s hu nt c trng ca hng xe oto BMW  chi tit li tn nhit kp hnh qu thn c vin chrome sng bng. Phn tn nhit ny c thit k bp gn, ko di nm trong mt di kt ni lin mch vi cm n trc v cng thu ht. Cm n pha c o gt sc so i cng  ho bn trong cc k thu ht.', 'Couple', 2016, '1', 13700, '2023-04-19 16:09:32', 1291, 4689, 1942, 1485, 1);
INSERT INTO `product` VALUES (113, 10, 'BMW Ix M Sport 2021', 'BMW gy tranh ci khi tip tc cho li tn nhit hnh qu thn mang tnh biu tng ca hng. Nhng n thc s phc v mt mc ch  y ln hn l ch lm mt. Bn di schnozz ko di  l mt h thng radar ton di mi. C kh nng chiu  khong cch ln n 985 feet. Lp ph B mt thng minh trn li tn nhit bo v nhng phn quan trng ca cng ngh. Bng nm lp vt liu c  bn cao, bao gm lp ph polyetylen ngn nga try xc. V thm ch cung cp c tnh t phc hi.  iX 2021 ca bn ngoi nng  lu v nhit s to ra cc vt nt nh v xoy.\n\nL mu xe in BMW iX 2021 mang li cm gic c bit ngay t khi bn bc ln n. Chic SUV tng lai rc r vi mn trnh din th hin lp lnh bn trong  c. n vng nc di chn bn to hiu ng thm . V nh sng xung quanh trn ngp khp cabin. Tt c u c kch hot bi in thoi trong ti ca bn. Nhn tin, n cng hot ng nh cha kha ca phng tin. Vi nhng yu t  chng t gi xe BMW iX 2021 cng khng h d chu.\n\n', 'SUV', 2021, '1', 19800, '2023-04-19 16:13:57', 1695, 4953, 1967, 2365, 1);
INSERT INTO `product` VALUES (114, 10, 'BMW Ix M Sport 2021', 'BMW gy tranh ci khi tip tc cho li tn nhit hnh qu thn mang tnh biu tng ca hng. Nhng n thc s phc v mt mc ch  y ln hn l ch lm mt. Bn di schnozz ko di  l mt h thng radar ton di mi. C kh nng chiu  khong cch ln n 985 feet. Lp ph B mt thng minh trn li tn nhit bo v nhng phn quan trng ca cng ngh. Bng nm lp vt liu c  bn cao, bao gm lp ph polyetylen ngn nga try xc. V thm ch cung cp c tnh t phc hi.  iX 2021 ca bn ngoi nng  lu v nhit s to ra cc vt nt nh v xoy.\n\nL mu xe in BMW iX 2021 mang li cm gic c bit ngay t khi bn bc ln n. Chic SUV tng lai rc r vi mn trnh din th hin lp lnh bn trong  c. n vng nc di chn bn to hiu ng thm . V nh sng xung quanh trn ngp khp cabin. Tt c u c kch hot bi in thoi trong ti ca bn. Nhn tin, n cng hot ng nh cha kha ca phng tin. Vi nhng yu t  chng t gi xe BMW iX 2021 cng khng h d chu.\n\n', 'SUV', 2021, '1', 18600, '2023-04-19 16:15:59', 1695, 4953, 1967, 2365, 1);
INSERT INTO `product` VALUES (115, 10, 'BMW I4 2022', 'BMW i4 M50 ra mt s hu mu sn ngoi tht xanh Frozen Portimao Blue ni bt kt hp cng cc chi tit s dng vt liu si carbon. c bit i km l gi trang b ngoi tht M Sport gip i4 M50 trng th thao, nng ng hn hn bn tiu chun.\nc gn logo M danh gi, BMW i4 M50 ha hn s mang li tri nghim y phn khch. Xe s dng 2 m t in song song trn 2 trc sn sinh tng cng sut 536 m lc v 795 Nm m men xon c iu khin bi hp s n cp. \n\nTuy nhin, thng s trn ch duy tr c khong 10 giy thng qua chc nng Sport Boost.  ch  li thng, sc mnh ca BMW i4 M50 t cng sut 469 m lc v 729 Nm m men xon.', 'Sedan', 2022, '2', 22000, '2023-04-19 16:17:52', 1448, 4783, 1852, 2050, 1);
INSERT INTO `product` VALUES (116, 19, 'Nissan Leaf 2022', 'Thit k ca Nissan Leaf c ly cm hng t ngn ng thit k chung IDS ca hng, xe c chiu di 4.780 mm, rng 1.790 mm v cao 1.540 mm, chiu di c s 2.700 mm v khong sng gm xe ln ti 150 mm. Nhng thng s ny mang li cho chic Leaf ngoi hnh nh nhn, linh hot ph hp vi cc  th ng c.\nri tim ca Nissan Leaf 2018 l mt ngun pin Lithium-ion dung lng 40 kW, sn sinh cng sut ti a 148 m lc v m men xon 320 Nm cho php xe chy  tc  ti a 145 km/h vi phm vi 378 km cho mt ln sc. y chnh l n lc ng k ca Nissan khi kh nng vn hnh  mnh m hn rt nhiu so vi ngi tin nhim, bn cnh  phm vi hot ng cng c m rng  cnh tranh vi cc i th.', 'Hatchback', 2022, '2', 6400, '2023-04-19 19:04:04', 1540, 4490, 1788, 1594, 1);
INSERT INTO `product` VALUES (117, 19, 'Nissan Ariya 2022', 'Nhn t xa, Nissan Ariya kh mt m, nhng khi ti gn xe c th thy r cc ng nt gc cnh t im b khung tng th. Di nh nng t nhin, chnh nhng b mt, ng nt trn to thnh hiu ng bng  gy n tng mnh hn na cho b khung ngoi tht. Giao din mm nh ta thy trong nh l loi c quyn cho bn Platinum cng tng thm nt tinh xo, hoa m bn ngoi.\nTrn bn thng, Nissan Ariya ch dng m t n 214 m lc v pin 66 kWh, cho tm vn hnh 348 km mi ln sc. Tuy nhin, bn Platinum trang b m t i a tng cng sut ln 335 m lc, trong khi tm vn hnh cng tng ln 430 km.', 'SUV', 2022, '2', 10000, '2023-04-19 19:07:36', 1660, 4595, 1850, 2164, 1);
INSERT INTO `product` VALUES (118, 19, 'Nissan 370Z 2019', 'Nissan cung cp cho mi bin th ca 370Z cc thay i nh khc nhau, c th phong cch coupe c b sung hai cu hnh sn mi cho phin bn Heritage Edition (Deep Blue Pearl v Pearl White).\nV truyn ng, Nissan 370Z 2019 vn s s dng ng c VQ37VHR t mu xe tin nhim, sn sinh cng sut 332 m lc, ring phin bn Nismo t 350 m lc, hai mc cng sut ny u n t c my ht kh t nhin V6 3,7 lt.', 'Couple', 2019, '1', 15500, '2023-04-19 19:10:27', 1315, 4250, 1845, 1485, 1);

-- ----------------------------
-- Table structure for role
-- ----------------------------
DROP TABLE IF EXISTS `role`;
CREATE TABLE `role`  (
  `id` int NOT NULL AUTO_INCREMENT,
  `name` varchar(255) CHARACTER SET utf8mb4 COLLATE utf8mb4_general_ci NOT NULL,
  `created_at` datetime NOT NULL DEFAULT CURRENT_TIMESTAMP,
  `updated_at` datetime NOT NULL DEFAULT CURRENT_TIMESTAMP,
  `type` tinyint NOT NULL DEFAULT 0,
  PRIMARY KEY (`id`) USING BTREE
) ENGINE = InnoDB AUTO_INCREMENT = 24 CHARACTER SET = utf8mb4 COLLATE = utf8mb4_general_ci ROW_FORMAT = Dynamic;

-- ----------------------------
-- Records of role
-- ----------------------------
INSERT INTO `role` VALUES (20, 'Huy', '2023-05-23 00:00:00', '2023-05-23 00:00:00', 0);
INSERT INTO `role` VALUES (21, 'NORMAL', '2023-05-23 00:00:00', '2023-05-23 00:00:00', 1);
INSERT INTO `role` VALUES (22, 'ADMIN', '2023-05-23 00:00:00', '2023-05-23 00:00:00', 1);
INSERT INTO `role` VALUES (23, 'Test', '2023-05-23 00:00:00', '2023-05-23 00:00:00', 0);
INSERT INTO `role` VALUES (24, 'Test2', '2023-06-13 00:00:00', '2023-06-13 00:00:00', 0);

-- ----------------------------
-- Table structure for role_permission
-- ----------------------------
DROP TABLE IF EXISTS `role_permission`;
CREATE TABLE `role_permission`  (
  `role_id` int NOT NULL,
  `permission_id` int NOT NULL,
  PRIMARY KEY (`role_id`, `permission_id`) USING BTREE,
  INDEX `rp_p`(`permission_id` ASC) USING BTREE,
  CONSTRAINT `rp_p` FOREIGN KEY (`permission_id`) REFERENCES `permission` (`id`) ON DELETE RESTRICT ON UPDATE RESTRICT,
  CONSTRAINT `rp_r` FOREIGN KEY (`role_id`) REFERENCES `role` (`id`) ON DELETE RESTRICT ON UPDATE RESTRICT
) ENGINE = InnoDB CHARACTER SET = utf8mb4 COLLATE = utf8mb4_general_ci ROW_FORMAT = Dynamic;

-- ----------------------------
-- Records of role_permission
-- ----------------------------
INSERT INTO `role_permission` VALUES (20, 1);
INSERT INTO `role_permission` VALUES (22, 1);
INSERT INTO `role_permission` VALUES (23, 1);
INSERT INTO `role_permission` VALUES (20, 2);
INSERT INTO `role_permission` VALUES (22, 2);
INSERT INTO `role_permission` VALUES (23, 2);
INSERT INTO `role_permission` VALUES (24, 2);
INSERT INTO `role_permission` VALUES (20, 3);
INSERT INTO `role_permission` VALUES (22, 3);
INSERT INTO `role_permission` VALUES (24, 3);
INSERT INTO `role_permission` VALUES (20, 5);
INSERT INTO `role_permission` VALUES (22, 5);
INSERT INTO `role_permission` VALUES (24, 5);
INSERT INTO `role_permission` VALUES (20, 11);
INSERT INTO `role_permission` VALUES (22, 11);
INSERT INTO `role_permission` VALUES (24, 11);
INSERT INTO `role_permission` VALUES (22, 12);
INSERT INTO `role_permission` VALUES (22, 13);
INSERT INTO `role_permission` VALUES (20, 15);
INSERT INTO `role_permission` VALUES (22, 15);
INSERT INTO `role_permission` VALUES (22, 16);
INSERT INTO `role_permission` VALUES (20, 17);
INSERT INTO `role_permission` VALUES (22, 17);
INSERT INTO `role_permission` VALUES (20, 18);
INSERT INTO `role_permission` VALUES (22, 18);
INSERT INTO `role_permission` VALUES (22, 20);
INSERT INTO `role_permission` VALUES (22, 26);
INSERT INTO `role_permission` VALUES (22, 27);
INSERT INTO `role_permission` VALUES (22, 28);
INSERT INTO `role_permission` VALUES (24, 28);
INSERT INTO `role_permission` VALUES (22, 30);
INSERT INTO `role_permission` VALUES (20, 31);
INSERT INTO `role_permission` VALUES (22, 31);
INSERT INTO `role_permission` VALUES (22, 32);
INSERT INTO `role_permission` VALUES (22, 33);
INSERT INTO `role_permission` VALUES (22, 34);
INSERT INTO `role_permission` VALUES (22, 35);

-- ----------------------------
-- Table structure for transport
-- ----------------------------
DROP TABLE IF EXISTS `transport`;
CREATE TABLE `transport`  (
  `id` int NOT NULL AUTO_INCREMENT,
  `name` varchar(255) CHARACTER SET utf8mb4 COLLATE utf8mb4_general_ci NOT NULL,
  `status` int NOT NULL,
  PRIMARY KEY (`id`) USING BTREE
) ENGINE = InnoDB CHARACTER SET = utf8mb4 COLLATE = utf8mb4_general_ci ROW_FORMAT = DYNAMIC;

-- ----------------------------
-- Records of transport
-- ----------------------------

-- ----------------------------
-- Table structure for user
-- ----------------------------
DROP TABLE IF EXISTS `user`;
CREATE TABLE `user`  (
  `id` int NOT NULL AUTO_INCREMENT,
  `userName` varchar(255) CHARACTER SET utf8mb4 COLLATE utf8mb4_general_ci NOT NULL,
  `password` varchar(255) CHARACTER SET utf8mb4 COLLATE utf8mb4_general_ci NULL DEFAULT NULL,
  `fullname` varchar(255) CHARACTER SET utf8mb4 COLLATE utf8mb4_general_ci NULL DEFAULT NULL,
  `email` varchar(255) CHARACTER SET utf8mb4 COLLATE utf8mb4_general_ci NULL DEFAULT NULL,
  `phone` int NULL DEFAULT NULL,
  `address` varchar(255) CHARACTER SET utf8mb4 COLLATE utf8mb4_general_ci NULL DEFAULT NULL,
  `role` int NOT NULL,
  `creataAt` datetime NOT NULL DEFAULT CURRENT_TIMESTAMP,
  `avatar` varchar(255) CHARACTER SET utf8mb4 COLLATE utf8mb4_general_ci NULL DEFAULT NULL,
  `status` int NOT NULL,
  `statusLogin` int NOT NULL,
  PRIMARY KEY (`id`) USING BTREE
) ENGINE = InnoDB AUTO_INCREMENT = 5 CHARACTER SET = utf8mb4 COLLATE = utf8mb4_general_ci ROW_FORMAT = Dynamic;

-- ----------------------------
-- Records of user
-- ----------------------------
INSERT INTO `user` VALUES (1, 'ngochuyk8', 'qTG23P8iCYksgpjyqrPa1LfmNOQRItX28sONLm1n5YaF5E8dPfhpxULYhMJN9WAfjEEJpOG/aB/7M+T2SR7YZQ==', 'Nguyn Ngc Huy ', 'ngohuyk80169@gmail.com', 348889123, 'X Chu Sn - Huyn nh Lp - Lng Sn', 22, '2023-04-24 00:00:00', 'Img/User/ngochuyk8.jpg', 1, 0);
INSERT INTO `user` VALUES (2, 'ngochuyk81', 'qTG23P8iCYksgpjyqrPa1LfmNOQRItX28sONLm1n5YaF5E8dPfhpxULYhMJN9WAfjEEJpOG/aB/7M+T2SR7YZQ==', 'Nguyn Ngc Huy', '20130282@st.hcmuaf.edu.vn', 348889821, 'X Vnh Sn - Huyn Vnh Thnh - Bnh nh', 22, '2023-04-28 00:00:00', NULL, 1, 0);
INSERT INTO `user` VALUES (3, '100019539662646367576', NULL, NULL, NULL, NULL, NULL, 22, '2023-04-28 00:00:00', NULL, 1, 1);
INSERT INTO `user` VALUES (4, '104848778182430788240', NULL, 'Nguyn Ngc A', NULL, 341232321, 'Phng Tn Thnh - Thnh ph Ha Bnh - Ha Bnh', 3, '2023-04-28 00:00:00', 'Img/User/104848778182430788240.jpg', 1, 1);

-- ----------------------------
-- Table structure for vendo
-- ----------------------------
DROP TABLE IF EXISTS `vendo`;
CREATE TABLE `vendo`  (
  `id` int NOT NULL,
  `name` varchar(255) CHARACTER SET utf8mb4 COLLATE utf8mb4_general_ci NOT NULL,
  `srcImg` varchar(255) CHARACTER SET utf8mb4 COLLATE utf8mb4_general_ci NOT NULL,
  `status` int NOT NULL
) ENGINE = InnoDB CHARACTER SET = utf8mb4 COLLATE = utf8mb4_general_ci ROW_FORMAT = Dynamic;

-- ----------------------------
-- Records of vendo
-- ----------------------------
INSERT INTO `vendo` VALUES (1, 'Toyota', '', 1);
INSERT INTO `vendo` VALUES (2, 'Toyota', '', 1);
INSERT INTO `vendo` VALUES (2, 'Mercedes', '', 1);
INSERT INTO `vendo` VALUES (3, 'Ford', '', 1);
INSERT INTO `vendo` VALUES (4, 'Honda', '', 1);
INSERT INTO `vendo` VALUES (5, 'Mazda', '', 1);
INSERT INTO `vendo` VALUES (6, 'Land Rover', '', 1);
INSERT INTO `vendo` VALUES (7, 'Maserati', '', 1);
INSERT INTO `vendo` VALUES (8, 'Chervrolet', '', 1);
INSERT INTO `vendo` VALUES (9, 'Tesla', '', 1);
INSERT INTO `vendo` VALUES (10, 'BMW', '', 1);
INSERT INTO `vendo` VALUES (11, 'Rolls-Royce', '', 1);
INSERT INTO `vendo` VALUES (12, 'Audi', '', 1);
INSERT INTO `vendo` VALUES (13, 'Porsche', '', 1);
INSERT INTO `vendo` VALUES (14, 'Aston Martin', '', 1);
INSERT INTO `vendo` VALUES (15, 'Lucid', '', 1);
INSERT INTO `vendo` VALUES (16, 'Buick', '', 1);
INSERT INTO `vendo` VALUES (17, 'Lincoln', '', 1);
INSERT INTO `vendo` VALUES (18, 'Bentley', '', 1);
INSERT INTO `vendo` VALUES (19, 'Nissan', '', 1);
INSERT INTO `vendo` VALUES (20, 'Ferrari', '', 1);
INSERT INTO `vendo` VALUES (21, 'Volkswagen', '', 1);
INSERT INTO `vendo` VALUES (22, 'Datsun', '', 1);
INSERT INTO `vendo` VALUES (23, 'Lamborghini', '', 1);
INSERT INTO `vendo` VALUES (24, 'Arabath', '', 1);

SET FOREIGN_KEY_CHECKS = 1;
